row_index,integrity_key,climate_profile_group,outer_fold
0,SURROGATE_MISSING_HHID_388f6cc10e1e6aa7,28,3
1,1,28,3
2,10.1,28,3
3,10.2,28,3
4,100.1,28,3
5,1000,28,3
6,1001,28,3
7,1002,28,3
8,1003,28,3
9,1005,28,3
10,1006,28,3
11,1007.1,28,3
12,1007.2,28,3
13,1008,28,3
14,1009,28,3
15,101,28,3
16,1010,28,3
17,1011,28,3
18,1012,28,3
19,1013,28,3
20,1014,28,3
21,1015,28,3
22,1016,28,3
23,1017,28,3
24,1019,28,3
25,102,28,3
26,1020,28,3
27,1021,28,3
28,1022,28,3
29,1023,28,3
30,1024,28,3
31,1025,28,3
32,1027,28,3
33,1028,28,3
34,1029,28,3
35,103,28,3
36,1030,28,3
37,1031,28,3
38,1032,28,3
39,1033,28,3
40,1034,28,3
41,1035.1,28,3
42,1035.2,28,3
43,1035.3,28,3
44,1036,28,3
45,1037,28,3
46,1038,28,3
47,1039,28,3
48,104,28,3
49,1040.1,28,3
50,1040.2,28,3
51,1041,28,3
52,1042,28,3
53,1043,28,3
54,1044,28,3
55,1045,28,3
56,1046,28,3
57,1047,28,3
58,1048,28,3
59,1049,28,3
60,105,28,3
61,1050,28,3
62,1051,28,3
63,1052,28,3
64,1053,28,3
65,1054,28,3
66,1055,28,3
67,1056,28,3
68,1057,28,3
69,1058,28,3
70,1059,28,3
71,106,28,3
72,1061,28,3
73,1062,28,3
74,1063,28,3
75,1064,28,3
76,1065,28,3
77,1066,28,3
78,1067,28,3
79,1068,28,3
80,1069,0,2
81,107,0,2
82,1070,0,2
83,1071,0,2
84,1072,0,2
85,1074,0,2
86,1075,0,2
87,1076,0,2
88,1079.1,0,2
89,1079.2,0,2
90,1079.3,0,2
91,108,0,2
92,1080,0,2
93,1081,0,2
94,1082,0,2
95,1083,0,2
96,1085,0,2
97,1086,0,2
98,1087,35,1
99,1088,35,1
100,1089,35,1
101,109,35,1
102,1090,35,1
103,1091,35,1
104,1092,35,1
105,1093.1,35,1
106,1093.2,35,1
107,1094,35,1
108,1096,35,1
109,1097,35,1
110,1098,35,1
111,1099,35,1
112,11.1,35,1
113,11.2,35,1
114,11.3,35,1
115,110,35,1
116,1100,35,1
117,1101,35,1
118,1102,35,1
119,1103,35,1
120,1105,35,1
121,1106,35,1
122,1107,35,1
123,1108,35,1
124,1109,35,1
125,111,35,1
126,1111,35,1
127,1112,35,1
128,1113,35,1
129,1114,35,1
130,1115,35,1
131,1117,35,1
132,1118,35,1
133,1119,35,1
134,112,35,1
135,1120,35,1
136,1121,35,1
137,1123,35,1
138,1124,35,1
139,1125,35,1
140,1126,35,1
141,1127,35,1
142,1128,35,1
143,1129,35,1
144,113,35,1
145,1130,35,1
146,1131,35,1
147,1132,35,1
148,1133,35,1
149,1134,35,1
150,1135,35,1
151,1136,35,1
152,1137,38,5
153,1138,38,5
154,1139,38,5
155,114,38,5
156,1140,38,5
157,1141,38,5
158,1142,38,5
159,1143.1,38,5
160,1143.2,38,5
161,1144,38,5
162,1145,38,5
163,1146,38,5
164,1147.1,38,5
165,1147.2,38,5
166,1148,38,5
167,1149,38,5
168,1150,38,5
169,1151,38,5
170,1152,38,5
171,1153,38,5
172,1154,38,5
173,1155.1,38,5
174,1155.2,38,5
175,1155.3,38,5
176,1156,38,5
177,1157,38,5
178,1158,38,5
179,1159,38,5
180,116,38,5
181,1160,38,5
182,1161,38,5
183,1162,38,5
184,1163,38,5
185,1165,38,5
186,1166,38,5
187,1167,38,5
188,1168,38,5
189,1169,38,5
190,117,38,5
191,1170,38,5
192,1171,38,5
193,1172,38,5
194,1173,38,5
195,1174,38,5
196,1175,38,5
197,1176,38,5
198,1177,38,5
199,1178,38,5
200,1179,38,5
201,118,38,5
202,1180,38,5
203,1181,38,5
204,1182,38,5
205,1183.1,38,5
206,1183.2,38,5
207,1184,38,5
208,1185,38,5
209,1186,38,5
210,1187,38,5
211,1188,38,5
212,1189,38,5
213,1190,38,5
214,1191,38,5
215,1192,38,5
216,1194.1,38,5
217,1194.2,38,5
218,1195,38,5
219,1196,38,5
220,1197,38,5
221,1199,38,5
222,12,38,5
223,120,38,5
224,1200,38,5
225,1201,38,5
226,1202,38,5
227,1203,38,5
228,1204,38,5
229,1205,38,5
230,1206,38,5
231,1207,38,5
232,1208,38,5
233,1209,38,5
234,121,38,5
235,1210,38,5
236,1211,38,5
237,1212,38,5
238,1213,38,5
239,1214,38,5
240,1215,38,5
241,1216,38,5
242,1217,38,5
243,1219,38,5
244,122,38,5
245,1220,38,5
246,1221,38,5
247,1222,38,5
248,1223,38,5
249,1224,38,5
250,1225,38,5
251,1226,38,5
252,1227,38,5
253,1229,38,5
254,123,38,5
255,1230,38,5
256,1232,38,5
257,1233,38,5
258,1234,38,5
259,1235,38,5
260,1236,38,5
261,1237,38,5
262,1238,38,5
263,1239,38,5
264,124,38,5
265,1240.1,38,5
266,1240.2,38,5
267,1241,38,5
268,1242,38,5
269,1243,38,5
270,1244,38,5
271,1245,38,5
272,1246.1,38,5
273,1246.2,38,5
274,1247,38,5
275,1248,38,5
276,1249,38,5
277,1250,38,5
278,1253,38,5
279,1254,38,5
280,1255,38,5
281,1256,38,5
282,1257,38,5
283,1258,38,5
284,1259,38,5
285,126,38,5
286,1260,38,5
287,1261,38,5
288,1262,38,5
289,1263,38,5
290,1264,38,5
291,1265,38,5
292,1266,38,5
293,1267,38,5
294,1268,38,5
295,1269,38,5
296,127,38,5
297,1270,38,5
298,1271,38,5
299,1272,38,5
300,1273,38,5
301,1274.1.1,38,5
302,1274.1.2,38,5
303,1274.2,38,5
304,1275,38,5
305,1276.1,38,5
306,1276.2,38,5
307,1277,38,5
308,1278,38,5
309,1279,38,5
310,128,38,5
311,1280,38,5
312,1281,38,5
313,1282,38,5
314,1283,38,5
315,1284,38,5
316,1285,38,5
317,1286,38,5
318,1287,38,5
319,1288,38,5
320,1289,38,5
321,129,38,5
322,1290,38,5
323,1291,38,5
324,1292,38,5
325,1293,38,5
326,1295,38,5
327,1296,38,5
328,1297,38,5
329,1298.1,38,5
330,1298.2,38,5
331,1299,38,5
332,13,38,5
333,130,38,5
334,1300.1,38,5
335,1300.2,38,5
336,1301.1,38,5
337,1301.2,38,5
338,1302,38,5
339,1303.1,38,5
340,1303.2,38,5
341,1304,38,5
342,1305.1,38,5
343,1305.2,38,5
344,1306,38,5
345,1307.1,38,5
346,1307.2,38,5
347,1307.3,38,5
348,1308,38,5
349,1309.1.1,38,5
350,1309.1.2,38,5
351,1309.2,38,5
352,131,18,3
353,1310,18,3
354,1311,18,3
355,1312,18,3
356,1313,18,3
357,1314,18,3
358,1315,18,3
359,1316,18,3
360,1317,18,3
361,1318,18,3
362,1319,18,3
363,132,18,3
364,1320,18,3
365,1321,18,3
366,1322,18,3
367,1323,18,3
368,1324,18,3
369,1325,18,3
370,1326,18,3
371,1327,18,3
372,1328,18,3
373,1329,18,3
374,1330,18,3
375,1331.1,18,3
376,1331.2,18,3
377,1332.1,18,3
378,1332.2,18,3
379,1333,18,3
380,1334,18,3
381,1335,18,3
382,1336,18,3
383,1337,18,3
384,1338,18,3
385,1339,18,3
386,134,18,3
387,1340.1,18,3
388,1340.2,18,3
389,1341,18,3
390,1342,18,3
391,1343,18,3
392,1344,18,3
393,1345,18,3
394,1346,18,3
395,1347,18,3
396,1348.1,18,3
397,1348.2,18,3
398,1349,18,3
399,135,18,3
400,1350,18,3
401,1351,18,3
402,1352,18,3
403,1353,18,3
404,1354,18,3
405,1355,18,3
406,1356,18,3
407,1357,18,3
408,1358,18,3
409,1359,18,3
410,136,18,3
411,1360.1,18,3
412,1360.2,18,3
413,1361,18,3
414,1362,18,3
415,1363,18,3
416,1364,18,3
417,1365,18,3
418,1366,18,3
419,1367.1,18,3
420,1367.2,18,3
421,1368,18,3
422,1369,18,3
423,137,18,3
424,1370,18,3
425,1371,18,3
426,1373,18,3
427,1374,18,3
428,1375,18,3
429,1376,18,3
430,1377,18,3
431,1378,18,3
432,1379,18,3
433,1380,18,3
434,1382,18,3
435,1383,18,3
436,1384,18,3
437,1385,18,3
438,1386,18,3
439,1387,18,3
440,1388,18,3
441,1389,18,3
442,1390,18,3
443,1391,18,3
444,1392,18,3
445,1393.1,18,3
446,1393.2,18,3
447,1393.3,18,3
448,1394.1,18,3
449,1394.2,18,3
450,1395,18,3
451,1396,18,3
452,1397,18,3
453,1398,18,3
454,1399,18,3
455,14,18,3
456,140,18,3
457,1400,18,3
458,1401,18,3
459,1402,18,3
460,1403,18,3
461,1404,18,3
462,1405,18,3
463,1406,18,3
464,1407,18,3
465,1408.1,18,3
466,1408.2,18,3
467,141,18,3
468,1410,18,3
469,1411.1,18,3
470,1411.2,18,3
471,1413,18,3
472,1414.1,18,3
473,1414.2,18,3
474,1414.3,18,3
475,1415,18,3
476,1416,18,3
477,1417.1,13,2
478,1417.2,13,2
479,1418,13,2
480,1419,13,2
481,142.1,13,2
482,142.2,13,2
483,1420,13,2
484,1421,13,2
485,1422,13,2
486,1423.1,13,2
487,1423.2,13,2
488,1424,13,2
489,1425,13,2
490,1426,13,2
491,1427.1,13,2
492,1427.2,13,2
493,1428.1,13,2
494,1428.2,13,2
495,1429,13,2
496,143,13,2
497,1430,13,2
498,1431,13,2
499,1432,13,2
500,1433,13,2
501,1434,13,2
502,1435,13,2
503,1436,13,2
504,1437,13,2
505,1438,13,2
506,1439,13,2
507,144,13,2
508,1440,13,2
509,1441,13,2
510,1442,13,2
511,1443,13,2
512,1444,13,2
513,1445,13,2
514,1446,13,2
515,1447,13,2
516,1448,13,2
517,1449,13,2
518,145,13,2
519,1450.1,13,2
520,1450.2,13,2
521,1451,13,2
522,1452,13,2
523,1453.1,13,2
524,1453.2,13,2
525,1454,13,2
526,1455.1,13,2
527,1455.2,13,2
528,1455.3,13,2
529,1456,13,2
530,1457,13,2
531,1458,13,2
532,1459,13,2
533,146,13,2
534,1460,13,2
535,1462,13,2
536,1463,13,2
537,1464,13,2
538,1465,13,2
539,1466,13,2
540,1467.1,13,2
541,1467.2,13,2
542,1468,13,2
543,1469,13,2
544,147,13,2
545,1470,13,2
546,1471,13,2
547,1472,13,2
548,1473,13,2
549,1474,13,2
550,1475,13,2
551,1476,13,2
552,1477,13,2
553,1478,13,2
554,1479,13,2
555,148.1,13,2
556,148.2,13,2
557,148.3,13,2
558,1480,13,2
559,1481,13,2
560,1482,13,2
561,1483,13,2
562,1485,13,2
563,1486,13,2
564,1487,13,2
565,1488,13,2
566,1489,13,2
567,149,13,2
568,1490,13,2
569,1491,13,2
570,1492,13,2
571,1493,13,2
572,1494,13,2
573,1495.1,13,2
574,1495.2,13,2
575,1495.3,13,2
576,1496,13,2
577,1497,13,2
578,1498,13,2
579,1499,13,2
580,15,13,2
581,150,36,5
582,1500,36,5
583,1502,36,5
584,1505,36,5
585,1506,36,5
586,1507,36,5
587,151,36,5
588,1510,36,5
589,1511,36,5
590,1514,36,5
591,1515,36,5
592,1516,36,5
593,1519.1,36,5
594,1519.2,36,5
595,152,36,5
596,1520,36,5
597,1521.1,36,5
598,1521.2,36,5
599,1522.1,36,5
600,1522.2,36,5
601,1523,36,5
602,1524,36,5
603,1525.1,36,5
604,1525.2,36,5
605,1526,36,5
606,1527,36,5
607,1528,36,5
608,1529,36,5
609,153,36,5
610,1530,36,5
611,1531,36,5
612,1532,36,5
613,1533,36,5
614,1534,36,5
615,1535,36,5
616,1536,36,5
617,1537,36,5
618,1538,36,5
619,154,36,5
620,1540,36,5
621,1541,36,5
622,1542,36,5
623,1543,36,5
624,1546,36,5
625,1547,36,5
626,1548,36,5
627,1549.1,36,5
628,1549.2,36,5
629,155,36,5
630,1550,36,5
631,1551,36,5
632,1552,36,5
633,1553,36,5
634,1556,36,5
635,1557,36,5
636,1558,36,5
637,1559,36,5
638,1560,36,5
639,1561,36,5
640,1563,36,5
641,1564,36,5
642,1565,36,5
643,1566,36,5
644,1568,36,5
645,157,36,5
646,1570,36,5
647,1571,36,5
648,1573,36,5
649,1574,36,5
650,1575,36,5
651,1576,36,5
652,1577.1,36,5
653,1577.2,36,5
654,1578,36,5
655,1579,36,5
656,1580,36,5
657,1581,36,5
658,1582,36,5
659,1583,36,5
660,1584,36,5
661,1585,36,5
662,1586.1,36,5
663,1586.2,36,5
664,1587,36,5
665,1588,36,5
666,1589,36,5
667,1590,36,5
668,1591,36,5
669,1592,36,5
670,1595,36,5
671,1596,36,5
672,1597,36,5
673,1598,36,5
674,1599,36,5
675,16.1,36,5
676,16.2,36,5
677,160,36,5
678,1600.1,36,5
679,1600.2.1,36,5
680,1600.2.2,36,5
681,1601,36,5
682,1602,36,5
683,1603,36,5
684,1604,36,5
685,1605,36,5
686,1606,36,5
687,1607,36,5
688,1608,36,5
689,1609,36,5
690,161,36,5
691,1610,36,5
692,1611,36,5
693,1612,36,5
694,1613,36,5
695,1614,36,5
696,1615,36,5
697,1616,36,5
698,1617,36,5
699,1618,36,5
700,1619,36,5
701,162,36,5
702,1620,36,5
703,1621,36,5
704,1622,36,5
705,1623,36,5
706,1624,36,5
707,1625.1,36,5
708,1625.2,36,5
709,1625.3,36,5
710,1626,36,5
711,1627,36,5
712,1628,36,5
713,1629,32,4
714,163,32,4
715,1630,32,4
716,1631,32,4
717,1632,32,4
718,1633,32,4
719,1634,32,4
720,1635,32,4
721,1636,32,4
722,1637,32,4
723,1638.1,32,4
724,1638.2,32,4
725,1639,32,4
726,164,32,4
727,1640.1,32,4
728,1640.2,32,4
729,1641,32,4
730,1642,32,4
731,1643,32,4
732,1644.1,32,4
733,1644.2,32,4
734,1645,32,4
735,1646,32,4
736,1648,32,4
737,1649,32,4
738,165,32,4
739,1650,32,4
740,1651,32,4
741,1652,32,4
742,1653,32,4
743,1654,32,4
744,1655,32,4
745,1656,32,4
746,1657.1,32,4
747,1657.2,32,4
748,1658,32,4
749,1659,32,4
750,166,32,4
751,1660,32,4
752,1661,32,4
753,1662,32,4
754,1663,32,4
755,1664,32,4
756,1665,32,4
757,1666,32,4
758,1668.1,32,4
759,1668.2,32,4
760,1669,32,4
761,167,32,4
762,1670,32,4
763,1671,32,4
764,1672,32,4
765,1673,32,4
766,1674,32,4
767,1675,32,4
768,1676,32,4
769,1677,32,4
770,1678,32,4
771,1679.2,32,4
772,168,32,4
773,1680,32,4
774,1681,32,4
775,1682,32,4
776,1683,32,4
777,1684,32,4
778,1685,32,4
779,1686,32,4
780,1687,32,4
781,1688,32,4
782,1689,32,4
783,169,32,4
784,1691,32,4
785,1693,32,4
786,1694,32,4
787,1695,32,4
788,1696,32,4
789,1697,32,4
790,1698,32,4
791,1699,32,4
792,17,32,4
793,170,32,4
794,1700,32,4
795,1701,32,4
796,1702,32,4
797,1703,32,4
798,1704,32,4
799,1705,32,4
800,1706,32,4
801,1707,32,4
802,1708.1,32,4
803,1708.2,32,4
804,1709,32,4
805,171,32,4
806,1710,32,4
807,1711,32,4
808,1712,32,4
809,1713,32,4
810,1714,32,4
811,1715,32,4
812,1716,32,4
813,1717,32,4
814,1718,32,4
815,1719,32,4
816,172,32,4
817,1720,32,4
818,1721,32,4
819,1722,32,4
820,1723,32,4
821,1724.1,32,4
822,1724.2,32,4
823,1724.3,32,4
824,1725,32,4
825,1726,32,4
826,1727,32,4
827,1728,32,4
828,1729.1,32,4
829,1729.2,32,4
830,173,32,4
831,1730,32,4
832,1731,32,4
833,1732,32,4
834,1733,32,4
835,1735,32,4
836,1736,32,4
837,1737,32,4
838,1738,32,4
839,1739.1,32,4
840,1739.2,32,4
841,174,32,4
842,1740,32,4
843,1741,32,4
844,1742,32,4
845,1743.1,32,4
846,1743.2,32,4
847,1745,32,4
848,1746,32,4
849,1749.1,32,4
850,1749.2,32,4
851,175,32,4
852,1750,32,4
853,1751,32,4
854,1752,32,4
855,1753,32,4
856,1754,32,4
857,1755,32,4
858,1756,32,4
859,1757,32,4
860,1759,32,4
861,176,32,4
862,1760,32,4
863,1761,32,4
864,1762,32,4
865,1763,32,4
866,1764,32,4
867,1765,32,4
868,1766,32,4
869,1767,32,4
870,1769,32,4
871,177,32,4
872,1770,32,4
873,1771,32,4
874,1772,32,4
875,1773,32,4
876,1774,32,4
877,1775.1.1,32,4
878,1775.1.2,32,4
879,1775.2,32,4
880,1775.3,32,4
881,1776,32,4
882,1777,32,4
883,1778,32,4
884,1779,32,4
885,178,32,4
886,1780,33,4
887,1781,33,4
888,1782,33,4
889,1783,33,4
890,1784,33,4
891,1786,33,4
892,1787,33,4
893,1788,33,4
894,1789,33,4
895,179,33,4
896,1790,33,4
897,1791.1,33,4
898,1791.2,33,4
899,1791.3,33,4
900,1793,33,4
901,1795,33,4
902,1796,33,4
903,1797.1,33,4
904,1797.2,33,4
905,1798,33,4
906,1799,33,4
907,18.1,33,4
908,18.2,33,4
909,180,33,4
910,1800,33,4
911,1801,33,4
912,1802,33,4
913,1803.1,33,4
914,1803.2,33,4
915,1804,33,4
916,1805,33,4
917,1806,33,4
918,1807,33,4
919,1808.1,33,4
920,1808.2,33,4
921,1809,33,4
922,1810,33,4
923,1811.1,33,4
924,1811.2,33,4
925,1812,33,4
926,1813,33,4
927,1814,33,4
928,1815,21,4
929,1816,21,4
930,1817,21,4
931,1818,21,4
932,1819,21,4
933,182,21,4
934,1820,21,4
935,1821,21,4
936,1822,21,4
937,1823,21,4
938,1824,21,4
939,1825,21,4
940,1826,21,4
941,1827,21,4
942,1828,21,4
943,1829,21,4
944,183,21,4
945,1830,21,4
946,1832.1,21,4
947,1832.2,21,4
948,1833,21,4
949,1834,21,4
950,1835,21,4
951,1836,21,4
952,1837,21,4
953,1838,21,4
954,1839,21,4
955,184,21,4
956,1840,21,4
957,1841,21,4
958,1842,21,4
959,1843.1.1,21,4
960,1843.1.2,21,4
961,1843.2,21,4
962,1844,21,4
963,1845,21,4
964,1846,21,4
965,1847,21,4
966,1848,21,4
967,1849,21,4
968,185,21,4
969,1850,21,4
970,1851,21,4
971,1853,21,4
972,1854,21,4
973,1855,21,4
974,1856.1,21,4
975,1856.2,21,4
976,1857,21,4
977,1858,21,4
978,1859,21,4
979,186,21,4
980,1860,21,4
981,1861.1,21,4
982,1861.2,21,4
983,1862,21,4
984,1863,21,4
985,1864,21,4
986,1865.1,21,4
987,1865.2,21,4
988,1866,21,4
989,1867,21,4
990,1868,21,4
991,1869,21,4
992,187,21,4
993,1870,21,4
994,1871,21,4
995,1872,21,4
996,1873,21,4
997,1874,21,4
998,1875,21,4
999,1876.1,21,4
1000,1876.2,21,4
1001,1877,21,4
1002,1878,21,4
1003,1879.1,21,4
1004,1879.2,21,4
1005,188,21,4
1006,1880,21,4
1007,1881,21,4
1008,1882,21,4
1009,1883,21,4
1010,1884,21,4
1011,1885,21,4
1012,1886,21,4
1013,1887,21,4
1014,1888,21,4
1015,1889,21,4
1016,189,21,4
1017,1891,21,4
1018,1892,21,4
1019,1893,21,4
1020,1894,21,4
1021,1895,21,4
1022,1896,21,4
1023,1897,21,4
1024,1898,21,4
1025,1899,21,4
1026,19,21,4
1027,190,21,4
1028,1900,21,4
1029,1901,21,4
1030,1902,21,4
1031,1903,21,4
1032,1905,21,4
1033,1906,21,4
1034,1907,21,4
1035,1908,21,4
1036,1909,21,4
1037,191.1,21,4
1038,191.2,21,4
1039,1910,21,4
1040,1914,21,4
1041,1915,21,4
1042,1916,21,4
1043,1917,21,4
1044,1919,21,4
1045,192,21,4
1046,1920,21,4
1047,1921,21,4
1048,1922,21,4
1049,1923,21,4
1050,1924,21,4
1051,1926,21,4
1052,1927,21,4
1053,1928,21,4
1054,1929,21,4
1055,193,21,4
1056,1930,21,4
1057,1931,21,4
1058,1932,21,4
1059,1933,21,4
1060,1934,21,4
1061,1935,21,4
1062,1936,21,4
1063,1937,21,4
1064,1938,21,4
1065,1939,21,4
1066,194,21,4
1067,1940.1,21,4
1068,1940.2,21,4
1069,1941,21,4
1070,1942,21,4
1071,1943,21,4
1072,1944,21,4
1073,1945,21,4
1074,1946,21,4
1075,1947,21,4
1076,1948,21,4
1077,1949,21,4
1078,195.1,21,4
1079,195.2,21,4
1080,1950,21,4
1081,1951,21,4
1082,1952,21,4
1083,1953,21,4
1084,1954,21,4
1085,1955,21,4
1086,1957,21,4
1087,1958,21,4
1088,1959,21,4
1089,196,21,4
1090,1960,21,4
1091,1961,21,4
1092,1962,21,4
1093,1963.1,21,4
1094,1963.2,21,4
1095,1964,21,4
1096,1965,21,4
1097,1966,21,4
1098,1967,21,4
1099,1968,21,4
1100,1969,21,4
1101,197,21,4
1102,1970,21,4
1103,1971,21,4
1104,1973,21,4
1105,1976,21,4
1106,1977,21,4
1107,1978,21,4
1108,1979,21,4
1109,198,21,4
1110,1980,21,4
1111,1982,21,4
1112,1983,21,4
1113,1984,21,4
1114,1985,21,4
1115,1986,21,4
1116,1988,21,4
1117,1989,21,4
1118,199,21,4
1119,1992.1,21,4
1120,1992.2,21,4
1121,1993,21,4
1122,1995,37,1
1123,1996,37,1
1124,1997,37,1
1125,1998,37,1
1126,2,37,1
1127,2000,37,1
1128,2001,37,1
1129,2002,37,1
1130,2003,37,1
1131,2004.1,37,1
1132,2004.2,37,1
1133,2005,37,1
1134,2006,37,1
1135,2007,37,1
1136,2009,37,1
1137,201,37,1
1138,2010,37,1
1139,2011,37,1
1140,2012,37,1
1141,2013,37,1
1142,2014,37,1
1143,2015,37,1
1144,2016,37,1
1145,2017,37,1
1146,2018,37,1
1147,2019,37,1
1148,202,37,1
1149,2020,37,1
1150,2021,37,1
1151,2022,37,1
1152,2023,37,1
1153,2024,37,1
1154,2025,37,1
1155,2026,37,1
1156,2027,37,1
1157,2028,37,1
1158,2029,37,1
1159,203,37,1
1160,2030,37,1
1161,2031,37,1
1162,2032,37,1
1163,2033,37,1
1164,2034,37,1
1165,2035,37,1
1166,2038,37,1
1167,2039,37,1
1168,204,37,1
1169,2040,37,1
1170,2041,37,1
1171,2042,37,1
1172,2043,37,1
1173,2044,37,1
1174,2045,37,1
1175,2047,37,1
1176,2048,37,1
1177,2049,37,1
1178,205,37,1
1179,2050,37,1
1180,2051,37,1
1181,2052,37,1
1182,2053,37,1
1183,2054,37,1
1184,2055,37,1
1185,2056,37,1
1186,2057,37,1
1187,2058,37,1
1188,2059,37,1
1189,206,37,1
1190,2060,37,1
1191,2061,37,1
1192,2062,37,1
1193,2063,37,1
1194,2064,37,1
1195,2066,37,1
1196,2067,37,1
1197,2068,37,1
1198,207,37,1
1199,2070,37,1
1200,2071,37,1
1201,2072,27,1
1202,2073,27,1
1203,2074,27,1
1204,2075,27,1
1205,2076,27,1
1206,2077,27,1
1207,2078,27,1
1208,208,27,1
1209,2080,27,1
1210,2081.1,27,1
1211,2081.2,27,1
1212,2082,27,1
1213,2083,27,1
1214,2085.1,27,1
1215,2085.2,27,1
1216,2086,27,1
1217,2087,27,1
1218,2088,27,1
1219,2089,27,1
1220,209.1,27,1
1221,209.2,27,1
1222,2090.1,27,1
1223,2090.2,27,1
1224,2091,27,1
1225,2092,27,1
1226,2093,27,1
1227,2094,27,1
1228,2095.1,27,1
1229,2095.2,27,1
1230,2096,27,1
1231,2097.1,27,1
1232,2097.2,27,1
1233,2098,27,1
1234,2099,27,1
1235,21,27,1
1236,210.1,27,1
1237,210.2,27,1
1238,2100,27,1
1239,2101,27,1
1240,2102,27,1
1241,2103,27,1
1242,2104,27,1
1243,2105,27,1
1244,2106,27,1
1245,2107,27,1
1246,2108,27,1
1247,2109,27,1
1248,2110,27,1
1249,2111,27,1
1250,2113.1,27,1
1251,2113.2,27,1
1252,2114,27,1
1253,2115,27,1
1254,2116,27,1
1255,2117,27,1
1256,2118,27,1
1257,2119,27,1
1258,212.1,27,1
1259,212.2,10,2
1260,2120,10,2
1261,2121,10,2
1262,2122,10,2
1263,2123.1,10,2
1264,2123.2,10,2
1265,2124,10,2
1266,2126,10,2
1267,2127,10,2
1268,2128.1,10,2
1269,2128.2,10,2
1270,2129,10,2
1271,2130,10,2
1272,2131,10,2
1273,2132,10,2
1274,2133,10,2
1275,2134,10,2
1276,2135,10,2
1277,2136,10,2
1278,2137,10,2
1279,2138,10,2
1280,2139,10,2
1281,214,10,2
1282,2140.1,10,2
1283,2140.2,10,2
1284,2141,10,2
1285,2142,10,2
1286,2143,10,2
1287,2144,10,2
1288,2145,10,2
1289,2146,10,2
1290,2147,10,2
1291,2148,10,2
1292,2149,10,2
1293,215.2,10,2
1294,2150,10,2
1295,2151,10,2
1296,2152,10,2
1297,2153,10,2
1298,2154,10,2
1299,2155,10,2
1300,2157,10,2
1301,2158,10,2
1302,2159,10,2
1303,216,10,2
1304,2160,10,2
1305,2161,10,2
1306,2162,10,2
1307,2163,10,2
1308,2164,10,2
1309,2165,10,2
1310,2166,10,2
1311,2169,10,2
1312,2170,10,2
1313,2171,10,2
1314,2172,10,2
1315,2174.1,10,2
1316,2174.2,10,2
1317,2175,10,2
1318,2176.1.1,10,2
1319,2176.1.2,10,2
1320,2176.2,10,2
1321,2177,10,2
1322,2178.1,10,2
1323,2178.3,10,2
1324,2179,10,2
1325,218,10,2
1326,2180,10,2
1327,2181,10,2
1328,2182,10,2
1329,2183,10,2
1330,2184,10,2
1331,2185,10,2
1332,2186,10,2
1333,2187,10,2
1334,2188,10,2
1335,219,10,2
1336,2191,10,2
1337,2192,10,2
1338,2193,10,2
1339,2194,10,2
1340,2195,10,2
1341,2196,10,2
1342,2197,10,2
1343,2198,10,2
1344,22,10,2
1345,220,10,2
1346,2200,10,2
1347,2201,10,2
1348,2202,10,2
1349,2203,10,2
1350,2204,10,2
1351,2205,10,2
1352,2206,10,2
1353,2207,10,2
1354,2208,10,2
1355,2209,10,2
1356,221,10,2
1357,2210,10,2
1358,2211,10,2
1359,2212,10,2
1360,2213,10,2
1361,2214,10,2
1362,2215,10,2
1363,2216,10,2
1364,2217,10,2
1365,2218,10,2
1366,2219,10,2
1367,222.1,10,2
1368,222.2,10,2
1369,2220.1,10,2
1370,2220.2,10,2
1371,2221,10,2
1372,2222,25,3
1373,2223,25,3
1374,2224,25,3
1375,2225,25,3
1376,2226,25,3
1377,2227.1,25,3
1378,2227.2,25,3
1379,2227.3,25,3
1380,2228,25,3
1381,223,25,3
1382,2230,25,3
1383,2231.1,25,3
1384,2231.2,25,3
1385,2232,25,3
1386,2233,25,3
1387,2234,25,3
1388,2235.1,25,3
1389,2235.2,25,3
1390,2236,25,3
1391,2237,25,3
1392,2239,25,3
1393,224,25,3
1394,2240,25,3
1395,2241,25,3
1396,2242,25,3
1397,2243,25,3
1398,2244,25,3
1399,2245,25,3
1400,2247,25,3
1401,2248,25,3
1402,2249,25,3
1403,225,25,3
1404,2250,25,3
1405,2251,25,3
1406,2252,25,3
1407,2253,25,3
1408,2254,25,3
1409,2255,25,3
1410,2256,25,3
1411,2258,25,3
1412,226,25,3
1413,2260.1,25,3
1414,2260.2,25,3
1415,2261,25,3
1416,2263,25,3
1417,2264,25,3
1418,2265,25,3
1419,2266,25,3
1420,2267,25,3
1421,2268.1,25,3
1422,2268.2,25,3
1423,2269,25,3
1424,227,25,3
1425,2271,25,3
1426,2272,25,3
1427,2273,25,3
1428,2274,25,3
1429,2275,25,3
1430,2276,25,3
1431,2277,25,3
1432,2278,25,3
1433,2279,25,3
1434,228,25,3
1435,2280,25,3
1436,2282,25,3
1437,2283,25,3
1438,2284,25,3
1439,2285,25,3
1440,2286,25,3
1441,2287.1,25,3
1442,2287.2,25,3
1443,2288,25,3
1444,2289,25,3
1445,229,25,3
1446,2290,25,3
1447,2291,25,3
1448,2292,25,3
1449,2293,25,3
1450,2294,25,3
1451,2295,25,3
1452,2296,25,3
1453,2297.1,25,3
1454,2297.2,25,3
1455,2298,25,3
1456,2299,25,3
1457,23,25,3
1458,230,25,3
1459,2300,25,3
1460,2301,25,3
1461,2302,25,3
1462,2304,25,3
1463,2305,25,3
1464,2306,25,3
1465,2307,25,3
1466,2308.1,25,3
1467,2308.2,25,3
1468,2309,25,3
1469,231,25,3
1470,2310,25,3
1471,2311.1,25,3
1472,2311.2,25,3
1473,2312,25,3
1474,2313,25,3
1475,2314,25,3
1476,2315,25,3
1477,2316,25,3
1478,2317,25,3
1479,2318,25,3
1480,2319,25,3
1481,232,25,3
1482,2320,20,4
1483,2321,20,4
1484,2322,20,4
1485,2323,20,4
1486,2324,20,4
1487,2325,20,4
1488,2327,20,4
1489,2328,20,4
1490,2329,20,4
1491,233,20,4
1492,2330,20,4
1493,2331,20,4
1494,2332,20,4
1495,2333,20,4
1496,2334,20,4
1497,2336,20,4
1498,2337,20,4
1499,2338,20,4
1500,2339.1,20,4
1501,2339.2,20,4
1502,234,20,4
1503,2340,20,4
1504,2341,20,4
1505,2342,20,4
1506,2343,20,4
1507,2344,20,4
1508,2345,20,4
1509,2346,20,4
1510,2347,20,4
1511,235,20,4
1512,2350,20,4
1513,2351,20,4
1514,2352,20,4
1515,2353,20,4
1516,2354,20,4
1517,2355.1,20,4
1518,2355.2,20,4
1519,2356,20,4
1520,2357,20,4
1521,2358,20,4
1522,2359,20,4
1523,2360,20,4
1524,2361,20,4
1525,2362,20,4
1526,2363,20,4
1527,2364,20,4
1528,2365,20,4
1529,2366,20,4
1530,2367,20,4
1531,2368,20,4
1532,2369,20,4
1533,2370,20,4
1534,2371,20,4
1535,2372,20,4
1536,2373,20,4
1537,2374,20,4
1538,2375,20,4
1539,2376,20,4
1540,2377,20,4
1541,2378,20,4
1542,2379,20,4
1543,238,20,4
1544,2380,20,4
1545,2381.1,20,4
1546,2381.2,20,4
1547,2381.3,12,2
1548,2382.1,12,2
1549,2382.2,12,2
1550,2383,12,2
1551,2384,12,2
1552,2386,12,2
1553,2387,12,2
1554,2388,12,2
1555,2389,12,2
1556,239,12,2
1557,2390,12,2
1558,2391,12,2
1559,2392,12,2
1560,2393,12,2
1561,2394,12,2
1562,2396,12,2
1563,2397,12,2
1564,2398,12,2
1565,24,12,2
1566,240.1,12,2
1567,240.2,12,2
1568,2400,12,2
1569,2403.1,12,2
1570,2403.2,12,2
1571,2404.1,12,2
1572,2404.2,12,2
1573,2405,12,2
1574,2406,12,2
1575,2409,12,2
1576,241,12,2
1577,2410,12,2
1578,2412,12,2
1579,2413,12,2
1580,2414,12,2
1581,2415,12,2
1582,2416,12,2
1583,2417.1,12,2
1584,2417.2,12,2
1585,2417.3,12,2
1586,2418,12,2
1587,2419,12,2
1588,242,12,2
1589,2420,12,2
1590,2421,12,2
1591,2422,12,2
1592,2423,12,2
1593,2424,12,2
1594,2425,12,2
1595,2426,12,2
1596,2427,12,2
1597,2428,12,2
1598,2429,12,2
1599,243,12,2
1600,2430,12,2
1601,2432,12,2
1602,2433,12,2
1603,2434,12,2
1604,2435,12,2
1605,2436,12,2
1606,2437,12,2
1607,2438,12,2
1608,244,12,2
1609,2440,12,2
1610,2441,12,2
1611,2442,12,2
1612,2443,12,2
1613,2444,12,2
1614,2445,12,2
1615,2446.1,12,2
1616,2446.2,12,2
1617,2448,12,2
1618,2449,12,2
1619,245,12,2
1620,2450,12,2
1621,2451,12,2
1622,2452,12,2
1623,2453,12,2
1624,2454,12,2
1625,2455,12,2
1626,2456,12,2
1627,2457,12,2
1628,2458,12,2
1629,2459,12,2
1630,246,12,2
1631,2460,12,2
1632,2461,12,2
1633,2462,12,2
1634,2463,12,2
1635,2464,12,2
1636,2465,27,1
1637,2466,27,1
1638,2467,27,1
1639,2469,27,1
1640,247,27,1
1641,2470,27,1
1642,2471,27,1
1643,2472,27,1
1644,2473,27,1
1645,2474,27,1
1646,2475,27,1
1647,2476,27,1
1648,2477,27,1
1649,2478,27,1
1650,2479,27,1
1651,248,27,1
1652,2480,27,1
1653,2481.1,27,1
1654,2481.2,27,1
1655,2481.3,27,1
1656,2482,27,1
1657,2483,27,1
1658,2485,27,1
1659,2486,27,1
1660,2487,27,1
1661,2488,27,1
1662,2489,27,1
1663,249,27,1
1664,2490,27,1
1665,2491,27,1
1666,2492,27,1
1667,2493,27,1
1668,2494,27,1
1669,2495,27,1
1670,2496,27,1
1671,2497,27,1
1672,2498,27,1
1673,2499,27,1
1674,250,27,1
1675,2500,27,1
1676,2501,27,1
1677,2502,27,1
1678,2503,27,1
1679,2504,27,1
1680,2505,27,1
1681,2507,27,1
1682,2508,27,1
1683,2509,27,1
1684,251,27,1
1685,2510,27,1
1686,2511.1,27,1
1687,2511.2,27,1
1688,2512.1,27,1
1689,2512.2,27,1
1690,2513,27,1
1691,2514,27,1
1692,2515,27,1
1693,2516,27,1
1694,2517,27,1
1695,2518,27,1
1696,2519,27,1
1697,252,27,1
1698,2521,27,1
1699,2522,27,1
1700,2523,27,1
1701,2524.1,27,1
1702,2524.2,27,1
1703,2525,27,1
1704,2526,27,1
1705,2527,27,1
1706,2528,27,1
1707,2529,27,1
1708,2530,27,1
1709,2531,27,1
1710,2532,27,1
1711,2533,27,1
1712,2534.1,27,1
1713,2534.2,27,1
1714,2535,27,1
1715,2536,27,1
1716,2537,27,1
1717,2538,27,1
1718,2539,27,1
1719,254,27,1
1720,2540,27,1
1721,2541,31,1
1722,2542,31,1
1723,2543,31,1
1724,2544,31,1
1725,2546.1,31,1
1726,2546.2,31,1
1727,2547,31,1
1728,2548,31,1
1729,2549,31,1
1730,255,31,1
1731,2550,31,1
1732,2551.1,31,1
1733,2551.2,31,1
1734,2552,31,1
1735,2553,31,1
1736,2554,31,1
1737,2555,31,1
1738,2556,31,1
1739,2557,31,1
1740,2558,31,1
1741,2559,31,1
1742,256,31,1
1743,2560,31,1
1744,2561,31,1
1745,2563,31,1
1746,2564.1,31,1
1747,2564.2,31,1
1748,2565,31,1
1749,2566,31,1
1750,2567.1,31,1
1751,2567.2,31,1
1752,2568,31,1
1753,2569,31,1
1754,257,31,1
1755,2570,31,1
1756,2571,31,1
1757,2572,31,1
1758,2573,31,1
1759,2574,31,1
1760,2575,31,1
1761,2576,31,1
1762,2577,31,1
1763,2578,31,1
1764,2579,31,1
1765,258,31,1
1766,2582,31,1
1767,2583,31,1
1768,2584,31,1
1769,2585,31,1
1770,2586,31,1
1771,2587,31,1
1772,2588,31,1
1773,2589,31,1
1774,259,31,1
1775,2590,31,1
1776,2591,31,1
1777,2592,31,1
1778,2593,31,1
1779,2594,31,1
1780,2595,31,1
1781,2596,31,1
1782,2597,31,1
1783,2598,9,1
1784,2599,9,1
1785,26,9,1
1786,260,9,1
1787,2600,9,1
1788,2601,9,1
1789,2602,9,1
1790,2603,9,1
1791,2604,9,1
1792,2605,9,1
1793,2606,9,1
1794,2608,9,1
1795,2609,9,1
1796,261,9,1
1797,2610,9,1
1798,2611,9,1
1799,2612,9,1
1800,2613,9,1
1801,2614,9,1
1802,2615,9,1
1803,2616,9,1
1804,2617,9,1
1805,2618,9,1
1806,2619.1,9,1
1807,2619.2,9,1
1808,262,9,1
1809,2620,9,1
1810,2621,9,1
1811,2622.1,9,1
1812,2622.2,9,1
1813,2623,9,1
1814,2624,9,1
1815,2625,9,1
1816,2626.1,9,1
1817,2626.2,9,1
1818,2627,9,1
1819,2628,9,1
1820,2629.1,9,1
1821,2629.2,9,1
1822,263,9,1
1823,2630,9,1
1824,2631,9,1
1825,2632,9,1
1826,2633.1,9,1
1827,2633.2,9,1
1828,2634.1,9,1
1829,2634.2,9,1
1830,2635,9,1
1831,2636,9,1
1832,2637,9,1
1833,2638,9,1
1834,2639,9,1
1835,264,9,1
1836,2640,9,1
1837,2641,9,1
1838,2642,9,1
1839,2643,9,1
1840,2644,9,1
1841,2645,9,1
1842,2646,9,1
1843,2648,9,1
1844,2649,9,1
1845,265,9,1
1846,2650,9,1
1847,2651,9,1
1848,2652,9,1
1849,2653,9,1
1850,2654,9,1
1851,2655,9,1
1852,2656,9,1
1853,2657.1,9,1
1854,2657.2,9,1
1855,2658,9,1
1856,2659,9,1
1857,2660,9,1
1858,2661,9,1
1859,2662,9,1
1860,2663,9,1
1861,2664,9,1
1862,2665,9,1
1863,2666,9,1
1864,2667,9,1
1865,2668,9,1
1866,2669,9,1
1867,267,9,1
1868,2670,9,1
1869,2671,9,1
1870,2672,9,1
1871,2674,9,1
1872,2675,9,1
1873,2677,9,1
1874,2678,9,1
1875,2679,9,1
1876,268,9,1
1877,2680,9,1
1878,2681,9,1
1879,2682,9,1
1880,2683,9,1
1881,2684,9,1
1882,2685,9,1
1883,2686,9,1
1884,2687,9,1
1885,2688,9,1
1886,2689,9,1
1887,269,9,1
1888,2690,9,1
1889,2691,9,1
1890,2692,9,1
1891,2693,9,1
1892,2694,9,1
1893,2695,9,1
1894,2696,9,1
1895,2697,9,1
1896,2698,9,1
1897,2699,9,1
1898,27,9,1
1899,270,9,1
1900,2700,9,1
1901,2701,9,1
1902,2702,9,1
1903,2703,9,1
1904,2704,9,1
1905,2705,9,1
1906,2706,9,1
1907,2707,9,1
1908,2708,9,1
1909,2709,9,1
1910,271,9,1
1911,2710,9,1
1912,2711,9,1
1913,2712,9,1
1914,2713,9,1
1915,2714,9,1
1916,2715,9,1
1917,2716,9,1
1918,2717,9,1
1919,2718,9,1
1920,2719,9,1
1921,272,9,1
1922,2720,9,1
1923,2721,9,1
1924,2722,9,1
1925,2723,9,1
1926,2724,9,1
1927,2725,9,1
1928,2726,9,1
1929,2727,9,1
1930,2728,9,1
1931,2729,9,1
1932,273,9,1
1933,2730,9,1
1934,2731,9,1
1935,2732,9,1
1936,2733,9,1
1937,2734,9,1
1938,2735,9,1
1939,2736,9,1
1940,2737,9,1
1941,274,9,1
1942,2740,9,1
1943,2741,9,1
1944,2742,9,1
1945,2743.1,9,1
1946,2743.2,9,1
1947,2743.3,9,1
1948,2744,9,1
1949,2745.1,9,1
1950,2745.2,9,1
1951,2745.3,9,1
1952,2745.4,9,1
1953,2746.1,9,1
1954,2746.2,9,1
1955,2747.1,9,1
1956,2747.2,9,1
1957,2748,9,1
1958,2749,9,1
1959,275,9,1
1960,2750,9,1
1961,2751,9,1
1962,2752,9,1
1963,2753,9,1
1964,2755,9,1
1965,2756.1,9,1
1966,2756.2,14,5
1967,2757,14,5
1968,2758,14,5
1969,2759,14,5
1970,276,14,5
1971,2760,14,5
1972,2761,14,5
1973,2762,14,5
1974,2763,14,5
1975,2764,14,5
1976,2765,14,5
1977,2766,14,5
1978,2767,14,5
1979,2768,14,5
1980,2769,14,5
1981,277,14,5
1982,2770,14,5
1983,2771,14,5
1984,2772,14,5
1985,2773,14,5
1986,2774,14,5
1987,2775,14,5
1988,2776,14,5
1989,2777,14,5
1990,2778,14,5
1991,2779,14,5
1992,278,14,5
1993,2780,14,5
1994,2781,14,5
1995,2782,14,5
1996,2783,14,5
1997,2784,14,5
1998,2785.1,14,5
1999,2785.2,14,5
2000,2786,14,5
2001,2787,14,5
2002,2788,14,5
2003,2789,14,5
2004,279,14,5
2005,2790,15,1
2006,2791,15,1
2007,2792,15,1
2008,2793,15,1
2009,2794,15,1
2010,2795,15,1
2011,2796,15,1
2012,2797,15,1
2013,2798,15,1
2014,2799,15,1
2015,28,15,1
2016,280.1,15,1
2017,280.2,15,1
2018,2800,15,1
2019,2801,15,1
2020,2802,15,1
2021,2803,15,1
2022,2804,15,1
2023,2805,15,1
2024,2806,15,1
2025,2808,15,1
2026,2809,15,1
2027,281,15,1
2028,2810,15,1
2029,2811,15,1
2030,2812,15,1
2031,2813,15,1
2032,2814,15,1
2033,2815,15,1
2034,2816,15,1
2035,2817,15,1
2036,2818,15,1
2037,2819,15,1
2038,282.1,15,1
2039,282.2,15,1
2040,2820,15,1
2041,2821,15,1
2042,2822,15,1
2043,2823,15,1
2044,2824,15,1
2045,2825,15,1
2046,2826,15,1
2047,2827,15,1
2048,2828,15,1
2049,2829,15,1
2050,2831,15,1
2051,2832,15,1
2052,2833,15,1
2053,2834,15,1
2054,2835,15,1
2055,2836,15,1
2056,2837,15,1
2057,2838,15,1
2058,2839.1,15,1
2059,2839.2,15,1
2060,284,15,1
2061,2840,15,1
2062,2841,15,1
2063,2842,15,1
2064,2844,15,1
2065,2845,15,1
2066,2846,15,1
2067,2847,15,1
2068,2848,15,1
2069,2849,15,1
2070,285,15,1
2071,2850,15,1
2072,2851,15,1
2073,2852,15,1
2074,2853,15,1
2075,2854,15,1
2076,2855,15,1
2077,2856,15,1
2078,2857,15,1
2079,2858,15,1
2080,2859.1,15,1
2081,2859.2,15,1
2082,286.1,15,1
2083,286.2,15,1
2084,2860,15,1
2085,2862,15,1
2086,2863,15,1
2087,2864,15,1
2088,2865,15,1
2089,2866,15,1
2090,2867,15,1
2091,2868.1,15,1
2092,2868.2,15,1
2093,2869,15,1
2094,287,15,1
2095,2870,15,1
2096,2871,15,1
2097,2872,15,1
2098,2873,15,1
2099,2874,15,1
2100,2875,15,1
2101,2876,15,1
2102,2877,15,1
2103,2878.1,15,1
2104,2878.2,15,1
2105,2879,15,1
2106,288,15,1
2107,2880,15,1
2108,2881.1,15,1
2109,2881.2,15,1
2110,2882,15,1
2111,2883,15,1
2112,2885.1,30,2
2113,2885.2,30,2
2114,2886,30,2
2115,2887,30,2
2116,2888,30,2
2117,2889,30,2
2118,289,30,2
2119,2890,30,2
2120,2893,30,2
2121,2894,30,2
2122,2895,30,2
2123,2896,30,2
2124,2897,30,2
2125,2898,30,2
2126,2899,30,2
2127,29,30,2
2128,290,30,2
2129,2900,30,2
2130,2901,30,2
2131,2902,30,2
2132,2903,30,2
2133,2904,30,2
2134,2905,30,2
2135,2907,30,2
2136,2908,30,2
2137,2909,30,2
2138,291,30,2
2139,2910,30,2
2140,2911,30,2
2141,2912,30,2
2142,2913,30,2
2143,2914,30,2
2144,2915,30,2
2145,2916,30,2
2146,2917,30,2
2147,2918.1,30,2
2148,2918.2,30,2
2149,2919,30,2
2150,292,30,2
2151,2920,30,2
2152,2922,30,2
2153,2923,30,2
2154,2924,30,2
2155,2925,30,2
2156,2926,30,2
2157,2927,30,2
2158,2928,30,2
2159,2929,30,2
2160,293,30,2
2161,2930,30,2
2162,2931,30,2
2163,2932,30,2
2164,2933,30,2
2165,2934,30,2
2166,2935,30,2
2167,2936,30,2
2168,2938,30,2
2169,2939,30,2
2170,294,30,2
2171,2940,30,2
2172,2941,30,2
2173,2942,30,2
2174,2943,30,2
2175,2944,30,2
2176,2945,30,2
2177,2946,30,2
2178,2947,30,2
2179,2948,30,2
2180,2949.1,30,2
2181,2949.2,30,2
2182,295,30,2
2183,2950,30,2
2184,2951.1,30,2
2185,2951.2,30,2
2186,2952,30,2
2187,2953.1,30,2
2188,2953.2,30,2
2189,2954,30,2
2190,2955,30,2
2191,2956,30,2
2192,2957,30,2
2193,2958,30,2
2194,2959,30,2
2195,296,30,2
2196,2960,30,2
2197,2961.1,28,3
2198,2961.2,28,3
2199,2962,28,3
2200,2963,28,3
2201,2964,28,3
2202,2965,28,3
2203,2966,28,3
2204,2967,28,3
2205,2968,28,3
2206,2969,28,3
2207,297,28,3
2208,2970,28,3
2209,2971,28,3
2210,2972,28,3
2211,2973,28,3
2212,2974,28,3
2213,2975,28,3
2214,2976,28,3
2215,2977,28,3
2216,2978,28,3
2217,2979,28,3
2218,298,28,3
2219,2980,28,3
2220,2981,28,3
2221,2982,28,3
2222,2983.1.1,28,3
2223,2983.1.2,28,3
2224,2983.2,28,3
2225,2984.1,28,3
2226,2984.2,28,3
2227,2985,28,3
2228,2986,28,3
2229,2987,28,3
2230,2988,28,3
2231,2989,28,3
2232,299,28,3
2233,2990,28,3
2234,2991,28,3
2235,2992.1,26,4
2236,2992.2,26,4
2237,2993,26,4
2238,2994,26,4
2239,2995,26,4
2240,2996,26,4
2241,2997,26,4
2242,2998,26,4
2243,2999,26,4
2244,3.1,26,4
2245,3.2,26,4
2246,30.1,26,4
2247,30.2,26,4
2248,300,26,4
2249,3001,26,4
2250,3002.1,26,4
2251,3002.2,26,4
2252,3003,26,4
2253,3004,26,4
2254,3005,26,4
2255,3006,26,4
2256,3007.1,26,4
2257,3007.2,26,4
2258,3008,26,4
2259,3009,26,4
2260,301,26,4
2261,3010,26,4
2262,3011,26,4
2263,3012,26,4
2264,3013,26,4
2265,3014.1,26,4
2266,3014.2,26,4
2267,3015,26,4
2268,3016,26,4
2269,3017,26,4
2270,3018,26,4
2271,3019,26,4
2272,302,26,4
2273,3020,26,4
2274,3021,26,4
2275,3022,26,4
2276,3023,26,4
2277,3024,26,4
2278,3025,26,4
2279,3026.1,26,4
2280,3026.2,26,4
2281,3027,26,4
2282,3028.1,26,4
2283,3028.2,26,4
2284,3028.3,26,4
2285,3029.1,26,4
2286,3029.2,26,4
2287,303,26,4
2288,3030,26,4
2289,3031,26,4
2290,3032,26,4
2291,3033,26,4
2292,3034,26,4
2293,3035.1,26,4
2294,3035.2,26,4
2295,3036,26,4
2296,3037,1,5
2297,3038,1,5
2298,3039,1,5
2299,304,1,5
2300,3040,1,5
2301,3041,1,5
2302,3042,1,5
2303,3043,1,5
2304,3044,1,5
2305,3045,1,5
2306,3046,1,5
2307,3047,1,5
2308,3048,1,5
2309,3049,1,5
2310,305,1,5
2311,3050,1,5
2312,3051,1,5
2313,3052,1,5
2314,3053,1,5
2315,3054,30,2
2316,3055,30,2
2317,3056,30,2
2318,3057,30,2
2319,3058,30,2
2320,3059,30,2
2321,3060,30,2
2322,3062.1,30,2
2323,3062.2,30,2
2324,3063,30,2
2325,3065,30,2
2326,3066,30,2
2327,3067,30,2
2328,3068,30,2
2329,3069,30,2
2330,307,30,2
2331,3070,30,2
2332,3071.1,30,2
2333,3071.2,30,2
2334,3072,30,2
2335,3073,30,2
2336,3074,30,2
2337,3075,30,2
2338,3076,30,2
2339,3077,30,2
2340,3078.1,30,2
2341,3078.2,30,2
2342,3079,30,2
2343,308,30,2
2344,3080,30,2
2345,3081,30,2
2346,3082.1,30,2
2347,3082.2,30,2
2348,3083,30,2
2349,3084,30,2
2350,3085,30,2
2351,3086,30,2
2352,3087,30,2
2353,3088,30,2
2354,3089,30,2
2355,309,30,2
2356,3090,30,2
2357,3091,30,2
2358,3092,30,2
2359,3093,30,2
2360,3094,30,2
2361,3096,30,2
2362,3097,30,2
2363,3098,30,2
2364,3099,30,2
2365,31,30,2
2366,310,30,2
2367,3100,30,2
2368,3101,30,2
2369,3102,30,2
2370,3103,30,2
2371,3104,30,2
2372,3105.1,30,2
2373,3105.2,30,2
2374,3107,30,2
2375,3108,30,2
2376,3109,11,2
2377,311,11,2
2378,3110,11,2
2379,3111,11,2
2380,3114,11,2
2381,3115,11,2
2382,3116,11,2
2383,3117,11,2
2384,3118.1.1,11,2
2385,3118.1.2,11,2
2386,3118.2,11,2
2387,3118.3,11,2
2388,3119,11,2
2389,312,11,2
2390,3120,11,2
2391,3121,11,2
2392,3122,11,2
2393,3123,11,2
2394,3124,11,2
2395,3125.1,11,2
2396,3125.2,11,2
2397,3126,11,2
2398,3127,11,2
2399,3128,11,2
2400,3129,11,2
2401,313,11,2
2402,3130.1,11,2
2403,3130.2,11,2
2404,3132,11,2
2405,3133,11,2
2406,3134,11,2
2407,3135,11,2
2408,3136,11,2
2409,3137,11,2
2410,3138,11,2
2411,3139,11,2
2412,314,11,2
2413,3140,11,2
2414,3141,11,2
2415,3142,7,5
2416,3143,7,5
2417,3144,7,5
2418,3145,7,5
2419,3146,7,5
2420,3147,7,5
2421,3148,7,5
2422,3149,7,5
2423,315,7,5
2424,3150,7,5
2425,3151,7,5
2426,3152,7,5
2427,3153,7,5
2428,3154,7,5
2429,3155,7,5
2430,3156,7,5
2431,3157,7,5
2432,3158,7,5
2433,3159,7,5
2434,316.1,7,5
2435,316.2,11,2
2436,316.3,11,2
2437,3160,11,2
2438,3161,11,2
2439,3162,11,2
2440,3163,11,2
2441,3164,11,2
2442,3165,11,2
2443,3167.1,11,2
2444,3167.2,11,2
2445,3167.3,11,2
2446,3168,11,2
2447,3169,11,2
2448,317,11,2
2449,3170,11,2
2450,3171.1,11,2
2451,3171.2,11,2
2452,3172,11,2
2453,3173.1,11,2
2454,3173.2,11,2
2455,3174,11,2
2456,3175,11,2
2457,3176,11,2
2458,3177,11,2
2459,3178,11,2
2460,3179.3,11,2
2461,318,11,2
2462,3180,11,2
2463,3181,11,2
2464,3182,11,2
2465,3183,11,2
2466,3185,11,2
2467,3186,11,2
2468,3187,11,2
2469,3188,11,2
2470,3189,11,2
2471,319,11,2
2472,3190,11,2
2473,3193,11,2
2474,3194,11,2
2475,3195,11,2
2476,3196,11,2
2477,3197,11,2
2478,3198,11,2
2479,3199,11,2
2480,32,11,2
2481,320,11,2
2482,3200,11,2
2483,3201,11,2
2484,3202,11,2
2485,3203,11,2
2486,3204,11,2
2487,3205,11,2
2488,3206,11,2
2489,3207,11,2
2490,3208,11,2
2491,3209,11,2
2492,3210,11,2
2493,3211.1,11,2
2494,3211.2,11,2
2495,3212,11,2
2496,3213,11,2
2497,3214,11,2
2498,3215,11,2
2499,3216.1,11,2
2500,3216.2,11,2
2501,3217,11,2
2502,3218,11,2
2503,3219,11,2
2504,322.1,11,2
2505,322.2,11,2
2506,3220,11,2
2507,3221,11,2
2508,3222,11,2
2509,3223,11,2
2510,3224,11,2
2511,3226,11,2
2512,3227,11,2
2513,3228,11,2
2514,3229,11,2
2515,323,11,2
2516,3230,11,2
2517,3231,11,2
2518,3232,11,2
2519,3233,11,2
2520,3234,11,2
2521,3235.1,11,2
2522,3235.2,11,2
2523,3236,11,2
2524,3237,11,2
2525,3238,11,2
2526,3239,11,2
2527,324,11,2
2528,3240,11,2
2529,3241,11,2
2530,3242,11,2
2531,3243,11,2
2532,3244.1,8,3
2533,3244.2,8,3
2534,3245,8,3
2535,3246,8,3
2536,3248,8,3
2537,3249,8,3
2538,325,8,3
2539,3250,8,3
2540,3251,8,3
2541,3252,8,3
2542,3254,8,3
2543,3255,8,3
2544,3257,8,3
2545,3258,8,3
2546,3259,8,3
2547,326,8,3
2548,3260,8,3
2549,3261,8,3
2550,3262,8,3
2551,3263,8,3
2552,3264,8,3
2553,3265,8,3
2554,3266,8,3
2555,3267,8,3
2556,3268,8,3
2557,3269,8,3
2558,327,8,3
2559,3270,8,3
2560,3271,8,3
2561,3272,8,3
2562,3273,8,3
2563,3275,8,3
2564,3276,8,3
2565,3277,8,3
2566,3279,8,3
2567,328,8,3
2568,3280,8,3
2569,3281,8,3
2570,3283,8,3
2571,3284,8,3
2572,3285,8,3
2573,3286.1,8,3
2574,3286.2,8,3
2575,3287,8,3
2576,3288,8,3
2577,3289,8,3
2578,329.1,8,3
2579,329.2,8,3
2580,3290,8,3
2581,3291,8,3
2582,3292,8,3
2583,3293,8,3
2584,3294,8,3
2585,3296,8,3
2586,3297,8,3
2587,3298,8,3
2588,3299,8,3
2589,33,8,3
2590,330,8,3
2591,3300,8,3
2592,3301,8,3
2593,3302,8,3
2594,3303,8,3
2595,3304,8,3
2596,3306,8,3
2597,3307,8,3
2598,3308.1,8,3
2599,3308.2,8,3
2600,3309,8,3
2601,331,8,3
2602,3310,8,3
2603,3311,8,3
2604,3313,8,3
2605,3314,8,3
2606,3316,8,3
2607,3317,8,3
2608,3318,8,3
2609,3319,8,3
2610,332,8,3
2611,3321,8,3
2612,3322.1,8,3
2613,3322.2,8,3
2614,3324,8,3
2615,3325,24,3
2616,3326,24,3
2617,3327,24,3
2618,3328,24,3
2619,3329,24,3
2620,333,24,3
2621,3330,24,3
2622,3331,24,3
2623,3332,24,3
2624,3333,24,3
2625,3334,24,3
2626,3335,24,3
2627,3337,24,3
2628,3338,24,3
2629,3339,24,3
2630,334,24,3
2631,3340,24,3
2632,3341,24,3
2633,3342.1,24,3
2634,3342.2,24,3
2635,3343,24,3
2636,3344,24,3
2637,3345,24,3
2638,3346,24,3
2639,3347,24,3
2640,3348,24,3
2641,3349.1,24,3
2642,3349.2,24,3
2643,335,24,3
2644,3350,24,3
2645,3351,24,3
2646,3352,24,3
2647,3353,24,3
2648,3354,24,3
2649,3355,24,3
2650,3356,24,3
2651,3357,24,3
2652,3358,24,3
2653,3359,24,3
2654,336.1,24,3
2655,336.2,24,3
2656,3360,24,3
2657,3361,24,3
2658,3362,24,3
2659,3363,24,3
2660,3365,24,3
2661,3366,24,3
2662,3367,24,3
2663,3368,24,3
2664,3369,24,3
2665,337,24,3
2666,3370,24,3
2667,3371,24,3
2668,3372,24,3
2669,3373,24,3
2670,3374,24,3
2671,3375,24,3
2672,3376,24,3
2673,3377,24,3
2674,3378,24,3
2675,3379,24,3
2676,338.1,24,3
2677,338.2,24,3
2678,3380,24,3
2679,3381,36,5
2680,3383,36,5
2681,3384,36,5
2682,3385,36,5
2683,3386,36,5
2684,3388,36,5
2685,339,36,5
2686,3391,36,5
2687,3393,36,5
2688,3394,36,5
2689,3398.1,36,5
2690,3398.2,36,5
2691,3399,36,5
2692,34,36,5
2693,3400,36,5
2694,3401,36,5
2695,3402.1,36,5
2696,3402.2,36,5
2697,3403,36,5
2698,3404,36,5
2699,3405,36,5
2700,3406,36,5
2701,3407,36,5
2702,3408,36,5
2703,3409,36,5
2704,341,36,5
2705,3411,36,5
2706,3412,36,5
2707,3413,36,5
2708,3414,36,5
2709,3415,36,5
2710,3416,36,5
2711,3417,36,5
2712,3418,36,5
2713,3419,36,5
2714,342,36,5
2715,3420,36,5
2716,3421,36,5
2717,3422,36,5
2718,3423,36,5
2719,3424,36,5
2720,3426,36,5
2721,3427,36,5
2722,3429,36,5
2723,343,36,5
2724,3430,36,5
2725,3431,36,5
2726,3432,36,5
2727,3433,36,5
2728,3434,36,5
2729,3435,36,5
2730,3436,36,5
2731,3437,36,5
2732,3438,36,5
2733,3439,36,5
2734,3440,36,5
2735,3441,36,5
2736,3442,36,5
2737,3443,36,5
2738,3444,36,5
2739,3445,36,5
2740,3446,36,5
2741,3447,36,5
2742,3448,36,5
2743,3449,36,5
2744,345,36,5
2745,3450,36,5
2746,3451,36,5
2747,3452,36,5
2748,3453,36,5
2749,3454,36,5
2750,3456,36,5
2751,3457,36,5
2752,3458,36,5
2753,3459,36,5
2754,346,36,5
2755,3461,36,5
2756,3462,36,5
2757,3463,8,3
2758,3464,8,3
2759,3465,8,3
2760,3466,8,3
2761,3468,8,3
2762,3469,8,3
2763,347,8,3
2764,3470,8,3
2765,3471,8,3
2766,3472,8,3
2767,3473,8,3
2768,3474.1,8,3
2769,3474.2,8,3
2770,3475,8,3
2771,3476,8,3
2772,3477,8,3
2773,3478,8,3
2774,3479,8,3
2775,348,8,3
2776,3480,8,3
2777,3481,8,3
2778,3482.1,8,3
2779,3482.2,8,3
2780,3483,8,3
2781,3485,8,3
2782,3486,8,3
2783,3487,8,3
2784,3488,8,3
2785,3489,8,3
2786,349,8,3
2787,3490,8,3
2788,3491,8,3
2789,3492,8,3
2790,3493,8,3
2791,3494,8,3
2792,3495,8,3
2793,3496,8,3
2794,3497,8,3
2795,3498,8,3
2796,3499,8,3
2797,35,8,3
2798,350,8,3
2799,3501,8,3
2800,3502,8,3
2801,3503,8,3
2802,3504,31,1
2803,3505,31,1
2804,3506.1,31,1
2805,3506.2,31,1
2806,3507.1,31,1
2807,3507.2,31,1
2808,3508,31,1
2809,351,31,1
2810,3510,31,1
2811,3511,31,1
2812,3512,31,1
2813,3513.1,31,1
2814,3513.2,31,1
2815,3514,31,1
2816,3515,31,1
2817,3516,31,1
2818,3517.1,31,1
2819,3517.2,31,1
2820,3517.3,31,1
2821,3517.4,31,1
2822,3518,31,1
2823,3519,31,1
2824,352,31,1
2825,3520,31,1
2826,3521,31,1
2827,3522,31,1
2828,3523,31,1
2829,3524,31,1
2830,3525,31,1
2831,3526,31,1
2832,3527,31,1
2833,3528,31,1
2834,3529,31,1
2835,353,31,1
2836,3530,31,1
2837,3531,31,1
2838,3532.1,31,1
2839,3532.2,31,1
2840,3533.1,31,1
2841,3533.2,31,1
2842,3534,31,1
2843,3535,31,1
2844,3536.1,31,1
2845,3536.2,31,1
2846,3537,31,1
2847,3538,31,1
2848,3539,31,1
2849,354,31,1
2850,3540,31,1
2851,3541,31,1
2852,3542,31,1
2853,3543,31,1
2854,3544,31,1
2855,3545,31,1
2856,3546,31,1
2857,3547,31,1
2858,3548,31,1
2859,3549,31,1
2860,355,31,1
2861,3550,31,1
2862,3551,26,4
2863,3552,26,4
2864,3553,26,4
2865,3554,26,4
2866,3555,26,4
2867,3556,26,4
2868,3557,26,4
2869,3558,26,4
2870,3559,26,4
2871,356,26,4
2872,3560.1,26,4
2873,3560.2,26,4
2874,3561,26,4
2875,3564,26,4
2876,3565,26,4
2877,3566,26,4
2878,3567,26,4
2879,3568,26,4
2880,3569,26,4
2881,3570,26,4
2882,3571,26,4
2883,3572,26,4
2884,3573,26,4
2885,3574,26,4
2886,3576,26,4
2887,3578,26,4
2888,3579,26,4
2889,358,26,4
2890,3580,26,4
2891,3581,26,4
2892,3582,26,4
2893,3583,26,4
2894,3584,26,4
2895,3585,26,4
2896,3586,26,4
2897,3587,26,4
2898,3588.1,26,4
2899,3588.2,26,4
2900,3590,26,4
2901,3591,26,4
2902,3592,22,2
2903,3593,22,2
2904,3594,22,2
2905,3595,22,2
2906,3596,22,2
2907,3597,22,2
2908,3598,22,2
2909,3599,22,2
2910,36,22,2
2911,360,22,2
2912,3600,22,2
2913,3601,22,2
2914,3602,22,2
2915,3603,22,2
2916,3604,22,2
2917,3606,22,2
2918,3608,22,2
2919,3609.1,22,2
2920,3609.2,22,2
2921,361,22,2
2922,3610,22,2
2923,3611,22,2
2924,3612,22,2
2925,3613.1,22,2
2926,3613.2,22,2
2927,3614,22,2
2928,3615,22,2
2929,3616,22,2
2930,3617,22,2
2931,3618,22,2
2932,3619,22,2
2933,362,22,2
2934,3620.1,22,2
2935,3620.2,22,2
2936,3621,22,2
2937,3622,22,2
2938,3623.1,22,2
2939,3623.2,22,2
2940,3624,22,2
2941,3625.1,22,2
2942,3625.2,22,2
2943,3626,22,2
2944,3627,22,2
2945,3628,22,2
2946,3629,22,2
2947,363,22,2
2948,3630,22,2
2949,3631.1,22,2
2950,3631.2,22,2
2951,3632.1,22,2
2952,3633.2,22,2
2953,3634,22,2
2954,3635,22,2
2955,3636,22,2
2956,3637,22,2
2957,3638,22,2
2958,3639,22,2
2959,364,22,2
2960,3640,22,2
2961,3641,22,2
2962,3642,22,2
2963,3643,22,2
2964,3644,22,2
2965,3646,22,2
2966,3647.1,22,2
2967,3647.2,22,2
2968,3648.1,22,2
2969,3648.2,22,2
2970,3648.3,22,2
2971,3649,22,2
2972,365,22,2
2973,3650,22,2
2974,3651,22,2
2975,3652,22,2
2976,3654,22,2
2977,3655,22,2
2978,3656,22,2
2979,3657,22,2
2980,3659,29,2
2981,366,29,2
2982,3660,29,2
2983,3661,29,2
2984,3662,29,2
2985,3663,29,2
2986,3664,29,2
2987,3665,29,2
2988,3666,29,2
2989,3667,29,2
2990,3668,29,2
2991,3669,29,2
2992,367,29,2
2993,3670,29,2
2994,3671,29,2
2995,3672,29,2
2996,3674,29,2
2997,3675,29,2
2998,3676,29,2
2999,3677,29,2
3000,3678,29,2
3001,3679,29,2
3002,368.1,29,2
3003,368.2,2,3
3004,3681,2,3
3005,3682,2,3
3006,3683,2,3
3007,3684,2,3
3008,3685,2,3
3009,3686,2,3
3010,3687,2,3
3011,3688,2,3
3012,3689,2,3
3013,369,2,3
3014,3690,2,3
3015,3691,2,3
3016,3692,2,3
3017,3693,2,3
3018,3694,2,3
3019,3695,2,3
3020,3696,2,3
3021,3697,2,3
3022,3698,2,3
3023,3699,2,3
3024,37,2,3
3025,370,2,3
3026,3700,2,3
3027,3701,2,3
3028,3702,2,3
3029,3703,2,3
3030,3704,2,3
3031,3705,2,3
3032,3706,2,3
3033,3707,2,3
3034,3708,2,3
3035,3709,2,3
3036,371,2,3
3037,3710,2,3
3038,3711,2,3
3039,3712,2,3
3040,3713,2,3
3041,3714,2,3
3042,3715,2,3
3043,3717,2,3
3044,3718,2,3
3045,3719,2,3
3046,372,2,3
3047,3720,2,3
3048,3721,2,3
3049,3722,2,3
3050,3723,2,3
3051,3724,2,3
3052,3725,2,3
3053,3726,2,3
3054,3727,2,3
3055,3728,2,3
3056,3729,2,3
3057,373,2,3
3058,3730,2,3
3059,3731,2,3
3060,3732,2,3
3061,3733,2,3
3062,3734,2,3
3063,3735,2,3
3064,3736,2,3
3065,3737,2,3
3066,3738,2,3
3067,3739,2,3
3068,374,2,3
3069,3740,2,3
3070,3741,2,3
3071,3742,2,3
3072,3743,2,3
3073,3744,2,3
3074,3745,2,3
3075,3746,2,3
3076,3747,2,3
3077,3749.1,2,3
3078,3749.2,2,3
3079,3750,2,3
3080,3751,2,3
3081,3752,2,3
3082,3753,2,3
3083,3754,2,3
3084,3755,2,3
3085,3756,2,3
3086,3757,2,3
3087,3758,2,3
3088,3759,2,3
3089,376,2,3
3090,3760,2,3
3091,3761,2,3
3092,3762,2,3
3093,3763,2,3
3094,3764,2,3
3095,3765.1,2,3
3096,3765.2,2,3
3097,3766,2,3
3098,3767,2,3
3099,3768,2,3
3100,3769,2,3
3101,377.1,2,3
3102,377.2,2,3
3103,3770,2,3
3104,3771,2,3
3105,3772,2,3
3106,3773,2,3
3107,3774,2,3
3108,3775,2,3
3109,3776,2,3
3110,3777,2,3
3111,3778,2,3
3112,3779,2,3
3113,378,2,3
3114,3780,2,3
3115,3781.1,2,3
3116,3781.2,2,3
3117,3782,2,3
3118,3783,2,3
3119,3784.1,2,3
3120,3784.2,2,3
3121,3784.3,2,3
3122,3784.4,2,3
3123,3785,2,3
3124,3786.1.1,2,3
3125,3786.1.2,2,3
3126,3786.2,2,3
3127,3787,2,3
3128,3788,2,3
3129,3789.1,2,3
3130,3789.2,2,3
3131,379,2,3
3132,3790,2,3
3133,3791,2,3
3134,3792,2,3
3135,3793,2,3
3136,3794,2,3
3137,3796,2,3
3138,3797,2,3
3139,3798,2,3
3140,3799,2,3
3141,38.1,2,3
3142,38.2,2,3
3143,380,2,3
3144,3800,2,3
3145,3801,2,3
3146,3802,2,3
3147,3803,2,3
3148,3804.1.1,2,3
3149,3804.1.2,2,3
3150,3804.2,2,3
3151,3805,2,3
3152,3806,2,3
3153,3807,2,3
3154,3808,2,3
3155,3809,2,3
3156,381,2,3
3157,3810,2,3
3158,3811.1,2,3
3159,3811.2,2,3
3160,3813,2,3
3161,3814,2,3
3162,3815,2,3
3163,3816.1,2,3
3164,3816.2,2,3
3165,3817,2,3
3166,3818,2,3
3167,3819,2,3
3168,382,2,3
3169,3820.1,2,3
3170,3820.2,2,3
3171,3821,2,3
3172,3823,2,3
3173,3824,2,3
3174,3825,2,3
3175,3826.1,2,3
3176,3827,2,3
3177,3828,34,5
3178,3829.1,34,5
3179,3829.2,34,5
3180,383,34,5
3181,3830,34,5
3182,3831,34,5
3183,3833.1,34,5
3184,3833.2,34,5
3185,3834,34,5
3186,3835,34,5
3187,3836,34,5
3188,3837,34,5
3189,3838,34,5
3190,3839,34,5
3191,384,34,5
3192,3840,34,5
3193,3841,34,5
3194,3842,34,5
3195,3843,34,5
3196,3844,34,5
3197,3845,34,5
3198,3846,34,5
3199,3847,34,5
3200,3848,34,5
3201,3849,34,5
3202,385,34,5
3203,3850,34,5
3204,3851,34,5
3205,3852,34,5
3206,3853,34,5
3207,3854,34,5
3208,3855,34,5
3209,3856,34,5
3210,3857,34,5
3211,3858,34,5
3212,3859.1,34,5
3213,3859.2,34,5
3214,386,34,5
3215,3861,34,5
3216,3862,34,5
3217,3863,34,5
3218,3864,34,5
3219,3865.1,34,5
3220,3865.2,34,5
3221,3865.3,34,5
3222,3866,34,5
3223,3867,34,5
3224,3868,34,5
3225,3869,34,5
3226,387,34,5
3227,3870,34,5
3228,3871,34,5
3229,3872,34,5
3230,3873,34,5
3231,3874,34,5
3232,3875,34,5
3233,3876,34,5
3234,3877,34,5
3235,3878,34,5
3236,3879,34,5
3237,388,34,5
3238,3880,34,5
3239,3881,34,5
3240,3882,34,5
3241,3883,34,5
3242,3884,34,5
3243,3885,34,5
3244,3886,34,5
3245,3887,34,5
3246,3889,34,5
3247,389,34,5
3248,3891.1,34,5
3249,3891.2,34,5
3250,3892,34,5
3251,3893,34,5
3252,3894,34,5
3253,3895,34,5
3254,3896,34,5
3255,3897,34,5
3256,3898,34,5
3257,3899,34,5
3258,39,11,2
3259,390,11,2
3260,3900,11,2
3261,3901,11,2
3262,3902,11,2
3263,3903,11,2
3264,3904,11,2
3265,3905,11,2
3266,3907,11,2
3267,3908.1,11,2
3268,3908.2,11,2
3269,3909,11,2
3270,391,11,2
3271,3910,11,2
3272,3911,11,2
3273,3912,11,2
3274,3913,11,2
3275,3914,11,2
3276,3915,11,2
3277,3916,11,2
3278,3917,11,2
3279,3918,11,2
3280,3919,11,2
3281,392,11,2
3282,3920,11,2
3283,3921,11,2
3284,3922,11,2
3285,3923,11,2
3286,3924,11,2
3287,3925,11,2
3288,3926,11,2
3289,3927,11,2
3290,3928,11,2
3291,3929,11,2
3292,393,11,2
3293,3930,11,2
3294,3931,11,2
3295,3932,11,2
3296,3933,11,2
3297,3934,11,2
3298,3935.1,11,2
3299,3935.2,11,2
3300,3936,11,2
3301,3937,11,2
3302,3938,11,2
3303,394,11,2
3304,3940,11,2
3305,3941,11,2
3306,3942,11,2
3307,3943,11,2
3308,3944,11,2
3309,3945,11,2
3310,3946,11,2
3311,3947,11,2
3312,3948.1,11,2
3313,3948.2,11,2
3314,3949,11,2
3315,395,11,2
3316,3950,11,2
3317,3951,11,2
3318,3952.1,11,2
3319,3952.2,11,2
3320,3953,11,2
3321,3954.1,11,2
3322,3954.2,11,2
3323,3955,11,2
3324,3956,11,2
3325,3957,11,2
3326,3958,11,2
3327,3959,11,2
3328,396,11,2
3329,3960,11,2
3330,3961,11,2
3331,3962,11,2
3332,3963,11,2
3333,3964,11,2
3334,3965,11,2
3335,3967.1,11,2
3336,3967.2,11,2
3337,3967.3,11,2
3338,3968,11,2
3339,3969,11,2
3340,397,11,2
3341,3970,11,2
3342,3971,11,2
3343,3972,11,2
3344,3973,11,2
3345,3974,11,2
3346,3975,11,2
3347,3976,11,2
3348,3977.1,11,2
3349,3977.2,11,2
3350,3978,11,2
3351,398,11,2
3352,3980,11,2
3353,3981,11,2
3354,3982,11,2
3355,3983,11,2
3356,3984,11,2
3357,3985.1,11,2
3358,3985.2,11,2
3359,3986,11,2
3360,3987,11,2
3361,3988,11,2
3362,3989,11,2
3363,399,11,2
3364,3990,11,2
3365,3991,11,2
3366,3992,11,2
3367,3993,11,2
3368,3994,11,2
3369,3995,11,2
3370,3996,11,2
3371,3997,11,2
3372,3998.1,11,2
3373,3998.2,11,2
3374,4,11,2
3375,40,11,2
3376,400,11,2
3377,4000.1,11,2
3378,4000.2,11,2
3379,4001,11,2
3380,4002,11,2
3381,4003,11,2
3382,4004,11,2
3383,4005,11,2
3384,4007,11,2
3385,4008,11,2
3386,4009,11,2
3387,401,11,2
3388,4010,11,2
3389,4011,11,2
3390,4012,11,2
3391,4013,11,2
3392,4014,11,2
3393,4015,11,2
3394,4016,11,2
3395,4017.1,11,2
3396,4017.2,11,2
3397,4018,11,2
3398,4019,11,2
3399,402,11,2
3400,4020,11,2
3401,4021,11,2
3402,4022,11,2
3403,4024,11,2
3404,4025.1,11,2
3405,4025.2,11,2
3406,4026,11,2
3407,4027,11,2
3408,4028,11,2
3409,4029,11,2
3410,403,11,2
3411,4030,11,2
3412,4031,11,2
3413,4032,11,2
3414,4033,11,2
3415,4034,11,2
3416,4035,11,2
3417,4036,11,2
3418,4037.1,11,2
3419,4037.2,11,2
3420,4038,11,2
3421,4039,11,2
3422,404,11,2
3423,4040,11,2
3424,4041,11,2
3425,4042,11,2
3426,4043.1,11,2
3427,4043.2,11,2
3428,4044,11,2
3429,4045,11,2
3430,4046.1,11,2
3431,4046.2,11,2
3432,4047,11,2
3433,4048,11,2
3434,4049,11,2
3435,405,11,2
3436,4050,11,2
3437,4051,11,2
3438,4052.1,11,2
3439,4052.2,11,2
3440,4052.3,11,2
3441,4053,11,2
3442,4054,11,2
3443,4055,11,2
3444,4056,11,2
3445,4057,11,2
3446,4058,11,2
3447,4059,11,2
3448,4060.1,11,2
3449,4060.2,11,2
3450,4061,11,2
3451,4063,11,2
3452,4064,11,2
3453,4065,11,2
3454,4066,11,2
3455,4067,11,2
3456,4068,11,2
3457,4069,11,2
3458,407,11,2
3459,4071,11,2
3460,4072,11,2
3461,4073,11,2
3462,4074,11,2
3463,4076,11,2
3464,4077,11,2
3465,4078,11,2
3466,4079,11,2
3467,408,11,2
3468,4081,11,2
3469,4082,11,2
3470,4083,11,2
3471,4084,11,2
3472,4085,11,2
3473,4086,11,2
3474,4087,11,2
3475,4088,11,2
3476,4089,11,2
3477,409,11,2
3478,4090,11,2
3479,4091,11,2
3480,4092,11,2
3481,4093,11,2
3482,4094,11,2
3483,4095,11,2
3484,4096,11,2
3485,4097,11,2
3486,4098,11,2
3487,4099,11,2
3488,41,11,2
3489,410,11,2
3490,4100,11,2
3491,4101,11,2
3492,4103,11,2
3493,4105,11,2
3494,4106,11,2
3495,4107,11,2
3496,4109,11,2
3497,411,11,2
3498,4110,11,2
3499,4111,11,2
3500,4112,11,2
3501,4113,14,5
3502,4114,14,5
3503,4115,14,5
3504,4116.1,14,5
3505,4116.2,14,5
3506,4117,14,5
3507,4118,14,5
3508,412,14,5
3509,4120,14,5
3510,4121,14,5
3511,4122,14,5
3512,4123,14,5
3513,4124,14,5
3514,4125.1,14,5
3515,4125.2,14,5
3516,4126.1,14,5
3517,4126.2,14,5
3518,4127,14,5
3519,4128,14,5
3520,4129,14,5
3521,413,14,5
3522,4130,14,5
3523,4131,14,5
3524,4132,14,5
3525,4133,14,5
3526,4135,14,5
3527,4136,14,5
3528,4137,14,5
3529,4138,14,5
3530,4139,14,5
3531,414,14,5
3532,4141,14,5
3533,4142,14,5
3534,4143,14,5
3535,4145,14,5
3536,4146,14,5
3537,4147,14,5
3538,4148,14,5
3539,4149,14,5
3540,415,14,5
3541,4150,14,5
3542,4151,14,5
3543,4152,14,5
3544,4153,14,5
3545,4154,14,5
3546,4155,14,5
3547,4156,14,5
3548,4157,14,5
3549,4158,14,5
3550,4159,14,5
3551,416,14,5
3552,4160,14,5
3553,4161,14,5
3554,4162.1,14,5
3555,4163,14,5
3556,4164.1,14,5
3557,4164.2,14,5
3558,4165,14,5
3559,4166,14,5
3560,4167,14,5
3561,4168,14,5
3562,4169,14,5
3563,417,14,5
3564,4170,14,5
3565,4171,14,5
3566,4172,14,5
3567,4173,14,5
3568,4174,14,5
3569,4175,14,5
3570,4176,14,5
3571,4177,14,5
3572,4178.1,14,5
3573,4178.2,14,5
3574,4179,14,5
3575,418,14,5
3576,4180,14,5
3577,4181,14,5
3578,4182,14,5
3579,4183,14,5
3580,4184,14,5
3581,4185.1,14,5
3582,4185.2,14,5
3583,4185.3,14,5
3584,4186,14,5
3585,4187,14,5
3586,4188,14,5
3587,4189,14,5
3588,419,14,5
3589,4190,14,5
3590,4191,14,5
3591,4192,14,5
3592,4193,14,5
3593,4194,14,5
3594,4195,14,5
3595,4196.1.1,14,5
3596,4196.1.2,14,5
3597,4196.2,14,5
3598,4197,14,5
3599,4198,14,5
3600,4199,14,5
3601,42,14,5
3602,420,14,5
3603,4200,14,5
3604,4201.1,14,5
3605,4201.2,14,5
3606,4202,14,5
3607,4203,14,5
3608,4204,14,5
3609,4205,30,2
3610,4206,30,2
3611,4207.1,30,2
3612,4207.2,30,2
3613,4208,30,2
3614,4209,30,2
3615,421,30,2
3616,4210,30,2
3617,4211,30,2
3618,4212,30,2
3619,4213,30,2
3620,4214,30,2
3621,4215,30,2
3622,4216,30,2
3623,4217,30,2
3624,4218,30,2
3625,4219,30,2
3626,422,30,2
3627,4220,30,2
3628,4221,30,2
3629,4222,30,2
3630,4223,30,2
3631,4224,30,2
3632,4225.1,30,2
3633,4226,30,2
3634,4227,30,2
3635,4228,30,2
3636,4229,30,2
3637,423,30,2
3638,4230,30,2
3639,4231,30,2
3640,4232.1,30,2
3641,4232.2,30,2
3642,4233,30,2
3643,4234,30,2
3644,4235,30,2
3645,4236,34,5
3646,4237,34,5
3647,4238,34,5
3648,4239,34,5
3649,424,34,5
3650,4240,34,5
3651,4241,34,5
3652,4242,34,5
3653,4243,34,5
3654,4245,34,5
3655,4246,34,5
3656,4247,34,5
3657,4248,34,5
3658,4249,34,5
3659,425,34,5
3660,4250,34,5
3661,4251,34,5
3662,4252,34,5
3663,4253,34,5
3664,4254,34,5
3665,4255,34,5
3666,4256.1,34,5
3667,4256.2,34,5
3668,4257,34,5
3669,4258,34,5
3670,4259,34,5
3671,426,34,5
3672,4260,34,5
3673,4261,34,5
3674,4262,34,5
3675,4263.1,34,5
3676,4263.2,34,5
3677,4264,34,5
3678,4265,34,5
3679,4266,34,5
3680,4267.1,34,5
3681,4267.2,34,5
3682,4268,34,5
3683,4269,34,5
3684,427,34,5
3685,4270,34,5
3686,4271,34,5
3687,4272,34,5
3688,4274,34,5
3689,4275,34,5
3690,4276,34,5
3691,4277,34,5
3692,4278,34,5
3693,4279,34,5
3694,428,34,5
3695,4281,34,5
3696,4282,34,5
3697,4283,34,5
3698,4284,34,5
3699,4285,34,5
3700,4286,34,5
3701,4287,34,5
3702,4288,34,5
3703,4289.1,34,5
3704,4289.2,34,5
3705,429,34,5
3706,4290,34,5
3707,4291,34,5
3708,4292,34,5
3709,4293,27,1
3710,4294,27,1
3711,4295,27,1
3712,4296,27,1
3713,4297.1,27,1
3714,4297.2,27,1
3715,4298,27,1
3716,4299,27,1
3717,43,27,1
3718,430,27,1
3719,4300,27,1
3720,4301,27,1
3721,4302,27,1
3722,4303,27,1
3723,4304,27,1
3724,4305,27,1
3725,4306,27,1
3726,4307,27,1
3727,4308,27,1
3728,4309,27,1
3729,431,27,1
3730,4310,27,1
3731,4311,27,1
3732,4312,27,1
3733,4313,27,1
3734,4314,27,1
3735,4315,27,1
3736,4316,27,1
3737,4318,27,1
3738,4319.1,27,1
3739,4319.2,27,1
3740,432,27,1
3741,4320,27,1
3742,4321,27,1
3743,4322,27,1
3744,4323,27,1
3745,4324,27,1
3746,4325,27,1
3747,4326,27,1
3748,4327,27,1
3749,4328,27,1
3750,4329,27,1
3751,433,27,1
3752,4330,27,1
3753,4331,27,1
3754,4332,27,1
3755,4333,27,1
3756,4334,27,1
3757,4335,27,1
3758,4336,27,1
3759,4337,27,1
3760,4338,27,1
3761,4339,27,1
3762,434,27,1
3763,4340,27,1
3764,4341,27,1
3765,4342,27,1
3766,4343,27,1
3767,4344,27,1
3768,4345,27,1
3769,4346,27,1
3770,4347,27,1
3771,4349,27,1
3772,435,27,1
3773,4350,27,1
3774,4351,27,1
3775,4352,27,1
3776,4353,27,1
3777,4354,27,1
3778,4355,27,1
3779,4356,27,1
3780,4357,27,1
3781,4358,27,1
3782,4359,27,1
3783,436,27,1
3784,4360,27,1
3785,4361,27,1
3786,4362,27,1
3787,4363,27,1
3788,4364,27,1
3789,4366,27,1
3790,4368,27,1
3791,4369,27,1
3792,437.1,27,1
3793,4370,27,1
3794,4371,27,1
3795,4372,27,1
3796,4373,27,1
3797,4374,27,1
3798,4375,27,1
3799,4376,27,1
3800,4377.1,27,1
3801,4377.2,27,1
3802,4378,27,1
3803,4379,27,1
3804,438.1,27,1
3805,438.2,27,1
3806,4380,27,1
3807,4381,27,1
3808,4382,27,1
3809,4383,27,1
3810,4384,27,1
3811,4385,27,1
3812,4386,27,1
3813,4387,27,1
3814,4388,27,1
3815,4389,27,1
3816,439,27,1
3817,4390,27,1
3818,4391,27,1
3819,4392,27,1
3820,4393,27,1
3821,4394.1,27,1
3822,4394.2,27,1
3823,4395,27,1
3824,4396,27,1
3825,4397,27,1
3826,4398,27,1
3827,4399,19,1
3828,44,19,1
3829,440.1,19,1
3830,440.2,19,1
3831,440.3,19,1
3832,4400,19,1
3833,4401,19,1
3834,4402,19,1
3835,4403,19,1
3836,4404,19,1
3837,4405,19,1
3838,4406,19,1
3839,4407.1,19,1
3840,4407.2,19,1
3841,4408,19,1
3842,4409,19,1
3843,441,19,1
3844,4410,19,1
3845,4411,19,1
3846,4412,19,1
3847,4414,19,1
3848,4415,19,1
3849,4416,19,1
3850,4417,19,1
3851,4418,19,1
3852,4419,19,1
3853,442,19,1
3854,4420,19,1
3855,4421.1,19,1
3856,4421.2,19,1
3857,4422,19,1
3858,4423,19,1
3859,4424,19,1
3860,4425,19,1
3861,4426,19,1
3862,4427,19,1
3863,4428,19,1
3864,4429,19,1
3865,443,19,1
3866,4430,19,1
3867,4431,19,1
3868,4432,19,1
3869,4433,19,1
3870,4434,19,1
3871,4435,19,1
3872,4436,19,1
3873,4437,19,1
3874,4439,19,1
3875,444,19,1
3876,4441,19,1
3877,4443,19,1
3878,4444,19,1
3879,4445,19,1
3880,4446,19,1
3881,4447.1,19,1
3882,4447.2,19,1
3883,4448,19,1
3884,4449,19,1
3885,445,19,1
3886,4451,19,1
3887,4452,19,1
3888,4455,19,1
3889,4456,19,1
3890,4457,19,1
3891,4458,19,1
3892,4459,19,1
3893,446,19,1
3894,4460,19,1
3895,4461,19,1
3896,4462,19,1
3897,4463,23,5
3898,4464,23,5
3899,4465,23,5
3900,4466,23,5
3901,4468,23,5
3902,4469,23,5
3903,447,23,5
3904,4470,23,5
3905,4471,23,5
3906,4472.1,23,5
3907,4472.2,23,5
3908,4473,23,5
3909,4474,23,5
3910,4475,23,5
3911,4476,23,5
3912,4477,23,5
3913,4478,23,5
3914,4479.1,23,5
3915,4479.2,23,5
3916,448,23,5
3917,4480,23,5
3918,4481,23,5
3919,4483,23,5
3920,4484,23,5
3921,4485,23,5
3922,4486,23,5
3923,4487,23,5
3924,4488,23,5
3925,4489,23,5
3926,449,23,5
3927,4490,23,5
3928,4492,23,5
3929,4493.1,23,5
3930,4493.2,23,5
3931,4494,23,5
3932,4495.1,23,5
3933,4495.2,23,5
3934,4497.1,23,5
3935,4497.2,23,5
3936,4498,23,5
3937,4499,23,5
3938,45,23,5
3939,450,7,5
3940,4500,7,5
3941,4501,7,5
3942,4502,7,5
3943,4503,7,5
3944,4504,7,5
3945,4505,7,5
3946,4506,7,5
3947,4507,7,5
3948,4508,7,5
3949,4509.1,7,5
3950,4509.2.1,7,5
3951,4509.2.2,7,5
3952,451,7,5
3953,4510,7,5
3954,4511.1,7,5
3955,4511.2,7,5
3956,4512,7,5
3957,4513,7,5
3958,4514.1,7,5
3959,4514.2,7,5
3960,4515.1,7,5
3961,4515.2,7,5
3962,4516,7,5
3963,4518,7,5
3964,4519,7,5
3965,452,7,5
3966,4520,7,5
3967,4521,7,5
3968,4522,7,5
3969,4523,7,5
3970,4524,7,5
3971,4525,7,5
3972,4526,7,5
3973,4527,7,5
3974,4529,7,5
3975,453,7,5
3976,4530,7,5
3977,4531,7,5
3978,4532,7,5
3979,4533,7,5
3980,4534,7,5
3981,4535,7,5
3982,4536,7,5
3983,4537,7,5
3984,4538,7,5
3985,4539,7,5
3986,454,7,5
3987,4540,7,5
3988,4541,7,5
3989,4542,7,5
3990,4543,7,5
3991,4544,7,5
3992,4545,7,5
3993,4546.1,7,5
3994,4546.2,7,5
3995,4547,7,5
3996,4548,7,5
3997,4549,7,5
3998,455,7,5
3999,4550,7,5
4000,4551,7,5
4001,4552,7,5
4002,4553,7,5
4003,4555,7,5
4004,4556,7,5
4005,4557,7,5
4006,4558,7,5
4007,4559,7,5
4008,456,7,5
4009,4560,7,5
4010,4561,7,5
4011,4562,7,5
4012,4563.1,7,5
4013,4563.2,7,5
4014,4564,7,5
4015,4565,7,5
4016,4566,7,5
4017,4567,7,5
4018,4568,7,5
4019,4569,7,5
4020,457,7,5
4021,4570,7,5
4022,4571,7,5
4023,4572.1,7,5
4024,4572.2,7,5
4025,4572.3,7,5
4026,4573,7,5
4027,4574,7,5
4028,4575,7,5
4029,4576,7,5
4030,4577,7,5
4031,4578,7,5
4032,4579,7,5
4033,458,7,5
4034,4580,7,5
4035,4581,7,5
4036,4582,7,5
4037,4583,7,5
4038,4584,7,5
4039,4585,7,5
4040,4586,7,5
4041,4587,7,5
4042,4588,7,5
4043,4589,7,5
4044,459,7,5
4045,4590,7,5
4046,4591,7,5
4047,4592,7,5
4048,4593,7,5
4049,4594,7,5
4050,4595.1,7,5
4051,4595.2,7,5
4052,4596,7,5
4053,4597,7,5
4054,4598,7,5
4055,4599,7,5
4056,46,7,5
4057,460,7,5
4058,4600,7,5
4059,4601.1,7,5
4060,4601.2,7,5
4061,4602,7,5
4062,4603,7,5
4063,4604,7,5
4064,4606,6,1
4065,4608,6,1
4066,4609.1,6,1
4067,4609.2,6,1
4068,461,6,1
4069,4610,6,1
4070,4611,6,1
4071,4612,6,1
4072,4613,6,1
4073,4615,6,1
4074,4616,6,1
4075,4617,6,1
4076,462,6,1
4077,4620,6,1
4078,4621,6,1
4079,4622,6,1
4080,4623,6,1
4081,4624,6,1
4082,4625.1,6,1
4083,4625.2,6,1
4084,4626,6,1
4085,4627,6,1
4086,4628,6,1
4087,4629,6,1
4088,463,6,1
4089,4630,6,1
4090,4631,6,1
4091,4632.1,6,1
4092,4632.2,6,1
4093,4635,6,1
4094,4636,6,1
4095,4637,6,1
4096,4638,6,1
4097,464.1,6,1
4098,464.2,6,1
4099,4641,6,1
4100,4642,6,1
4101,4643,6,1
4102,4644,6,1
4103,4646,6,1
4104,4647,6,1
4105,4648,6,1
4106,4649,6,1
4107,465,6,1
4108,4650,6,1
4109,4651,6,1
4110,4652,6,1
4111,4653,6,1
4112,4654,6,1
4113,4656,6,1
4114,4657,6,1
4115,4658,6,1
4116,4659,6,1
4117,466,6,1
4118,4660,6,1
4119,4661,6,1
4120,4662,6,1
4121,4663.1,6,1
4122,4663.2,6,1
4123,4665,6,1
4124,4667.1,6,1
4125,4667.2,6,1
4126,4668,6,1
4127,4669,6,1
4128,467.1,6,1
4129,467.2,6,1
4130,4670,20,4
4131,4671,20,4
4132,4672,20,4
4133,4673,20,4
4134,4674,20,4
4135,4675,20,4
4136,4676,20,4
4137,4677,20,4
4138,4678,20,4
4139,4679,20,4
4140,468,20,4
4141,4680,20,4
4142,4681,20,4
4143,4682,20,4
4144,4683,20,4
4145,4685,20,4
4146,4686,20,4
4147,4687,20,4
4148,4688,20,4
4149,4689,20,4
4150,469,20,4
4151,4690,20,4
4152,4691,20,4
4153,4692,20,4
4154,4693,20,4
4155,4694.1,20,4
4156,4694.2,20,4
4157,4695,20,4
4158,4696,20,4
4159,4697,20,4
4160,4698,20,4
4161,4699,20,4
4162,47,20,4
4163,4700,20,4
4164,4701,20,4
4165,4702,20,4
4166,4703,20,4
4167,4704,20,4
4168,4705,20,4
4169,4706,20,4
4170,4707,20,4
4171,4708.1,20,4
4172,4708.2,20,4
4173,4709,20,4
4174,471,20,4
4175,4710,20,4
4176,4711,20,4
4177,4712,20,4
4178,4713,20,4
4179,4714,20,4
4180,4715,20,4
4181,4716,20,4
4182,4717,20,4
4183,4718,20,4
4184,4719,20,4
4185,472,20,4
4186,4720,20,4
4187,4721,20,4
4188,4723,20,4
4189,4724,20,4
4190,4726,20,4
4191,4727,20,4
4192,4728,20,4
4193,4729,20,4
4194,473,20,4
4195,4730,20,4
4196,4732,20,4
4197,4733,20,4
4198,4734,20,4
4199,4735,20,4
4200,4736,20,4
4201,4737,20,4
4202,4738,20,4
4203,4739,20,4
4204,474.1,20,4
4205,474.2,20,4
4206,4740.1,20,4
4207,4740.2,20,4
4208,4741,20,4
4209,4742,20,4
4210,4743,20,4
4211,4745,20,4
4212,4746,20,4
4213,4747,20,4
4214,4748,20,4
4215,4749,20,4
4216,475,20,4
4217,4750,20,4
4218,4751,20,4
4219,4752,20,4
4220,4753,20,4
4221,4754,20,4
4222,4755,24,3
4223,4756,24,3
4224,4757,24,3
4225,4758,24,3
4226,4759,24,3
4227,476,24,3
4228,4761.1,24,3
4229,4761.2,24,3
4230,4762,24,3
4231,4764,24,3
4232,4765,24,3
4233,4766,24,3
4234,4767,24,3
4235,4768,24,3
4236,4769,24,3
4237,477,24,3
4238,4770,24,3
4239,4771.1.1,24,3
4240,4771.1.2,24,3
4241,4771.1.3,24,3
4242,4771.2,24,3
4243,4772,24,3
4244,4773,24,3
4245,4774,24,3
4246,4775,24,3
4247,4776,24,3
4248,4777,24,3
4249,4778,24,3
4250,4779,24,3
4251,478,24,3
4252,4780,24,3
4253,4781,24,3
4254,4782.1,24,3
4255,4782.2,24,3
4256,4783,24,3
4257,4784,24,3
4258,4785,24,3
4259,4786,24,3
4260,4787,24,3
4261,4788.1,24,3
4262,4788.2,24,3
4263,4788.3,24,3
4264,4789,24,3
4265,479,24,3
4266,4790.1,24,3
4267,4790.2,24,3
4268,4791,24,3
4269,4792,24,3
4270,4793,24,3
4271,4794,24,3
4272,4795,24,3
4273,4796,24,3
4274,4797,24,3
4275,4798,24,3
4276,4799,24,3
4277,48,24,3
4278,480,24,3
4279,4800,24,3
4280,4801,24,3
4281,4802,24,3
4282,4803,24,3
4283,4804,24,3
4284,4805,24,3
4285,4806,24,3
4286,4807,24,3
4287,4808,24,3
4288,4809,24,3
4289,481,24,3
4290,4810,24,3
4291,4811,24,3
4292,4812,24,3
4293,4813,24,3
4294,4814,24,3
4295,4815,24,3
4296,4816,24,3
4297,4817,24,3
4298,4818,24,3
4299,4819,24,3
4300,482,24,3
4301,4820,24,3
4302,4821,24,3
4303,4822,24,3
4304,4824,24,3
4305,4825,24,3
4306,4826.1,24,3
4307,4826.2,24,3
4308,4827.1,24,3
4309,4827.2,24,3
4310,4828,24,3
4311,4829,3,4
4312,483.1,3,4
4313,483.2,3,4
4314,4830,3,4
4315,4831,3,4
4316,4832,3,4
4317,4833,3,4
4318,4834.1,3,4
4319,4834.2,3,4
4320,4835,3,4
4321,4836,3,4
4322,4837,3,4
4323,484.1,3,4
4324,484.2,3,4
4325,4840.2,3,4
4326,4841,3,4
4327,4842,3,4
4328,4844,3,4
4329,4845,3,4
4330,4846.1,3,4
4331,4846.2,38,5
4332,4847,38,5
4333,4849,38,5
4334,485,38,5
4335,4850,38,5
4336,4851,38,5
4337,4852,38,5
4338,4853,38,5
4339,4854,38,5
4340,4855,38,5
4341,4856,38,5
4342,4857,38,5
4343,4858,38,5
4344,4859,38,5
4345,486,38,5
4346,4860,38,5
4347,4861,38,5
4348,4862,38,5
4349,4863.1,38,5
4350,4863.2,38,5
4351,4865,38,5
4352,4866.1,38,5
4353,4866.2,38,5
4354,4867,38,5
4355,4868,38,5
4356,4869,38,5
4357,487,38,5
4358,4870,38,5
4359,4871,38,5
4360,4872,38,5
4361,4873,38,5
4362,4874,38,5
4363,4875,38,5
4364,4877,38,5
4365,4878,38,5
4366,4879,38,5
4367,4881.1,38,5
4368,4881.2,38,5
4369,4882,38,5
4370,4883.1,38,5
4371,4883.2,38,5
4372,4883.3,38,5
4373,4884,38,5
4374,4885,38,5
4375,4886,38,5
4376,4887,38,5
4377,4888.1,38,5
4378,4888.2,38,5
4379,4889,38,5
4380,489,38,5
4381,4890,38,5
4382,4891,38,5
4383,4892,38,5
4384,4893,38,5
4385,4894,38,5
4386,4895,38,5
4387,4896,38,5
4388,4897,38,5
4389,4898,38,5
4390,4899,38,5
4391,49,38,5
4392,490.1,38,5
4393,490.2,28,3
4394,4900,28,3
4395,4901,28,3
4396,4903,28,3
4397,4905,28,3
4398,4906,28,3
4399,4908,28,3
4400,4909,28,3
4401,491.1,28,3
4402,491.2,28,3
4403,4910,28,3
4404,4911,28,3
4405,4913,28,3
4406,4914,28,3
4407,4916,28,3
4408,4917.1,28,3
4409,4917.2,28,3
4410,4918,28,3
4411,4919,28,3
4412,492,28,3
4413,4920.1,28,3
4414,4921,28,3
4415,4922,28,3
4416,4923,28,3
4417,4924,28,3
4418,4926.1,28,3
4419,4926.2,28,3
4420,4927,28,3
4421,4928,28,3
4422,4929,28,3
4423,493,28,3
4424,4930.1,28,3
4425,4930.2,28,3
4426,4931,28,3
4427,4932,28,3
4428,4933,28,3
4429,4934.1,28,3
4430,4934.2,28,3
4431,4934.3,28,3
4432,4934.4,28,3
4433,4935,28,3
4434,4936,28,3
4435,4937,28,3
4436,4938,28,3
4437,494,28,3
4438,4940,28,3
4439,4941,28,3
4440,4942,28,3
4441,4943,28,3
4442,4944,28,3
4443,4945,28,3
4444,4946.1,28,3
4445,4946.2,28,3
4446,4947,28,3
4447,4948,28,3
4448,4949,28,3
4449,495.1,28,3
4450,495.2,28,3
4451,4950,19,1
4452,4951,19,1
4453,4952,19,1
4454,4953,19,1
4455,4954,19,1
4456,4955,19,1
4457,4956.1,19,1
4458,4956.2,19,1
4459,4957,19,1
4460,4958.1,19,1
4461,4958.2,19,1
4462,4958.3,19,1
4463,4959,19,1
4464,496,19,1
4465,4960,19,1
4466,4962,19,1
4467,4963,19,1
4468,4964,19,1
4469,4965,19,1
4470,4966,19,1
4471,4968,19,1
4472,497,19,1
4473,4970,19,1
4474,4971,19,1
4475,4972,19,1
4476,4973,19,1
4477,4974,19,1
4478,4975,19,1
4479,4976,19,1
4480,4977,19,1
4481,4978,19,1
4482,498,19,1
4483,4980,19,1
4484,4981,19,1
4485,4982,19,1
4486,4983,19,1
4487,4984,19,1
4488,4985,19,1
4489,4986,19,1
4490,4987,19,1
4491,4988.1,19,1
4492,4988.2,19,1
4493,4989,19,1
4494,499,19,1
4495,4990,19,1
4496,4991.1,19,1
4497,4991.2,19,1
4498,4992,19,1
4499,4993,19,1
4500,4994,19,1
4501,4995,19,1
4502,4996,19,1
4503,4997,19,1
4504,4998,19,1
4505,4999,19,1
4506,5,19,1
4507,50,19,1
4508,500,19,1
4509,5000,19,1
4510,5001,19,1
4511,5002,24,3
4512,5003,24,3
4513,5004,24,3
4514,5005,24,3
4515,5006,24,3
4516,5007,24,3
4517,5008,24,3
4518,5009,24,3
4519,5010,24,3
4520,5011,24,3
4521,5012,24,3
4522,5013,24,3
4523,5015,24,3
4524,5016,24,3
4525,5018,24,3
4526,502,24,3
4527,5020,24,3
4528,5021,24,3
4529,5022,24,3
4530,5024,24,3
4531,5025,24,3
4532,5026,24,3
4533,5027.1,24,3
4534,5027.2,24,3
4535,5028,24,3
4536,5029,24,3
4537,503,24,3
4538,5030,24,3
4539,5031,24,3
4540,5032,24,3
4541,5033,24,3
4542,5034,24,3
4543,5035,24,3
4544,5036.1,24,3
4545,5036.2,24,3
4546,5037.1,24,3
4547,5037.2,24,3
4548,5039,24,3
4549,5040,32,4
4550,5041,32,4
4551,5042,32,4
4552,5043,32,4
4553,5044,32,4
4554,5045,32,4
4555,5046,32,4
4556,5047,32,4
4557,5048.1,32,4
4558,5048.2,32,4
4559,5049,32,4
4560,505,32,4
4561,5050,32,4
4562,5051,32,4
4563,5052,32,4
4564,5053,32,4
4565,5054,32,4
4566,5055,32,4
4567,5056,32,4
4568,5057,32,4
4569,5058.1,12,2
4570,5058.2,12,2
4571,5059,12,2
4572,506,12,2
4573,5060,12,2
4574,5061,12,2
4575,5062,12,2
4576,5063,12,2
4577,5064,12,2
4578,5065,12,2
4579,5066,12,2
4580,5067,12,2
4581,5068,12,2
4582,5069,12,2
4583,507,12,2
4584,5070,12,2
4585,5072,12,2
4586,5073,12,2
4587,5074,12,2
4588,5076,12,2
4589,5077,12,2
4590,5078,12,2
4591,5079,12,2
4592,508,12,2
4593,5080,12,2
4594,5081,12,2
4595,5082,12,2
4596,5083,12,2
4597,5084,12,2
4598,5085,12,2
4599,5086.1,12,2
4600,5086.2.1,12,2
4601,5086.2.2,12,2
4602,5087,12,2
4603,5088,12,2
4604,5089,12,2
4605,509,12,2
4606,5090,12,2
4607,5091,12,2
4608,5092,12,2
4609,5093,12,2
4610,5094,12,2
4611,5095,12,2
4612,5096,12,2
4613,5097,12,2
4614,5098,12,2
4615,5099,12,2
4616,51,12,2
4617,510,12,2
4618,5100,12,2
4619,5101,12,2
4620,5102,12,2
4621,5103.1,12,2
4622,5103.2,12,2
4623,5104,12,2
4624,5105,12,2
4625,5106,12,2
4626,5107,12,2
4627,5108,12,2
4628,5109,12,2
4629,511,12,2
4630,5110,12,2
4631,5111,12,2
4632,5112,12,2
4633,5113,12,2
4634,5114,12,2
4635,5115,12,2
4636,5116,12,2
4637,5117,12,2
4638,5118,12,2
4639,5119,12,2
4640,512,12,2
4641,5120,12,2
4642,5121,12,2
4643,5122,12,2
4644,5124,12,2
4645,5126,12,2
4646,5127,12,2
4647,5128,12,2
4648,5129,12,2
4649,513,12,2
4650,5130,12,2
4651,5132,12,2
4652,5133,12,2
4653,5134,12,2
4654,5135,12,2
4655,5137,12,2
4656,5138,12,2
4657,5139,12,2
4658,514,12,2
4659,5140,12,2
4660,5141,12,2
4661,5142,12,2
4662,5143,12,2
4663,5144,12,2
4664,5145,12,2
4665,5146,12,2
4666,5147,12,2
4667,5148,12,2
4668,5149,12,2
4669,515,12,2
4670,5150,12,2
4671,5151,12,2
4672,5152,12,2
4673,5153,12,2
4674,5154,12,2
4675,5155,12,2
4676,5156,36,5
4677,5157,36,5
4678,5158.1,36,5
4679,5158.2,36,5
4680,5159,36,5
4681,516,36,5
4682,5160,36,5
4683,5161,36,5
4684,5162,36,5
4685,5163,36,5
4686,5164,36,5
4687,5165,36,5
4688,5166,36,5
4689,5167,36,5
4690,5168,36,5
4691,5169,36,5
4692,517,36,5
4693,5171,36,5
4694,5172,36,5
4695,5173,36,5
4696,5174,36,5
4697,5175,36,5
4698,5176,36,5
4699,5177,36,5
4700,5178,36,5
4701,5179,36,5
4702,518,36,5
4703,5180,36,5
4704,5181.1,36,5
4705,5181.2,36,5
4706,5182,36,5
4707,5183,36,5
4708,5184,36,5
4709,5185,36,5
4710,5186.1,36,5
4711,5186.2,36,5
4712,5187,36,5
4713,5188,36,5
4714,5189,36,5
4715,519,36,5
4716,5190.1,36,5
4717,5190.2,36,5
4718,5191,36,5
4719,5192,36,5
4720,5193,36,5
4721,5194,36,5
4722,5195,36,5
4723,5196.1,36,5
4724,5196.2,36,5
4725,5196.3,36,5
4726,5197,36,5
4727,5198,36,5
4728,5199,36,5
4729,52,16,5
4730,520,16,5
4731,5200,16,5
4732,5201,16,5
4733,5202,16,5
4734,5203.1,16,5
4735,5203.2,16,5
4736,5204,16,5
4737,5205,16,5
4738,5206,16,5
4739,5207,16,5
4740,5208.1,16,5
4741,5208.2,16,5
4742,5208.3,16,5
4743,5209.1,16,5
4744,5209.2,16,5
4745,521,16,5
4746,5210,16,5
4747,5211,16,5
4748,5212,16,5
4749,5213,16,5
4750,5214,16,5
4751,5215,16,5
4752,5216,16,5
4753,5217,16,5
4754,5218,16,5
4755,5219,16,5
4756,522,16,5
4757,5221,16,5
4758,5222.1,16,5
4759,5222.2,16,5
4760,5223,16,5
4761,5224,16,5
4762,5225,16,5
4763,5226.1,16,5
4764,5226.2,16,5
4765,5227,16,5
4766,5228,16,5
4767,5229,16,5
4768,523.1,16,5
4769,523.2,16,5
4770,5230,16,5
4771,5231,16,5
4772,5232,16,5
4773,5233.1,16,5
4774,5233.2,16,5
4775,5234,16,5
4776,5235,16,5
4777,5236,16,5
4778,5237,16,5
4779,5238,16,5
4780,5239,16,5
4781,524,16,5
4782,5240,16,5
4783,5241,16,5
4784,5242.1,16,5
4785,5242.2,16,5
4786,5242.3,16,5
4787,5243,16,5
4788,5244,16,5
4789,5245,16,5
4790,5246,17,4
4791,5247.1,17,4
4792,5247.2,17,4
4793,5248,17,4
4794,5249.1,17,4
4795,5249.2,17,4
4796,525,17,4
4797,5250,17,4
4798,5251,17,4
4799,5252,17,4
4800,5253,17,4
4801,5254,17,4
4802,5255.1,17,4
4803,5255.2,17,4
4804,5256,17,4
4805,5257,17,4
4806,5258.1,17,4
4807,5258.2,17,4
4808,5259,17,4
4809,526,17,4
4810,5260,17,4
4811,5261,17,4
4812,5262,17,4
4813,5263.1,17,4
4814,5263.2,17,4
4815,5264,17,4
4816,5265,17,4
4817,5266.1.1,17,4
4818,5266.1.2,17,4
4819,5266.2,17,4
4820,5267,17,4
4821,5268,17,4
4822,527,17,4
4823,5270,17,4
4824,5271,17,4
4825,5273,17,4
4826,5274,17,4
4827,5275,17,4
4828,5276,17,4
4829,5277,17,4
4830,5278,17,4
4831,5279,17,4
4832,528,17,4
4833,5280,17,4
4834,5281,17,4
4835,5282,17,4
4836,5283,17,4
4837,5284,17,4
4838,5285,17,4
4839,5286,17,4
4840,5287,17,4
4841,5288,17,4
4842,5289,17,4
4843,529,17,4
4844,5290,17,4
4845,5291,17,4
4846,5292,17,4
4847,5293.1,17,4
4848,5294,17,4
4849,5295,17,4
4850,5296,17,4
4851,5298,17,4
4852,5299,17,4
4853,53,17,4
4854,530,17,4
4855,5300.1,17,4
4856,5300.2,17,4
4857,5300.3,17,4
4858,5301,17,4
4859,5303,17,4
4860,5304,17,4
4861,5305,17,4
4862,5306,17,4
4863,5307,17,4
4864,5308,17,4
4865,5309,17,4
4866,531,17,4
4867,5310,17,4
4868,5311,17,4
4869,5312.1,17,4
4870,5312.2,17,4
4871,5313,17,4
4872,5314,17,4
4873,5315,15,1
4874,5316,15,1
4875,5317,15,1
4876,5318,15,1
4877,5319,15,1
4878,532.1,15,1
4879,532.2,15,1
4880,5320,15,1
4881,5321,15,1
4882,5323,15,1
4883,5324,15,1
4884,5325,15,1
4885,5326,15,1
4886,5327,15,1
4887,5328,15,1
4888,5329,15,1
4889,533,15,1
4890,5330,15,1
4891,5331,15,1
4892,5333,15,1
4893,5334,15,1
4894,5335,15,1
4895,5336,15,1
4896,5337,15,1
4897,5338,15,1
4898,5339,15,1
4899,534,15,1
4900,5341,15,1
4901,5342,15,1
4902,5343,15,1
4903,5344,15,1
4904,5345,15,1
4905,5346,15,1
4906,5347,15,1
4907,5348,15,1
4908,5349,15,1
4909,535.1,15,1
4910,535.2,15,1
4911,535.3,15,1
4912,535.4,15,1
4913,535.5,15,1
4914,5350,15,1
4915,5351,15,1
4916,5352,15,1
4917,5353,15,1
4918,5354,15,1
4919,5355,15,1
4920,5356,15,1
4921,5357,15,1
4922,5358,15,1
4923,5359,15,1
4924,536,15,1
4925,5360.1,15,1
4926,5360.2,15,1
4927,5361,15,1
4928,5362,15,1
4929,5364,15,1
4930,5366,15,1
4931,5367,15,1
4932,5368,15,1
4933,5369.1,15,1
4934,5369.2,15,1
4935,5370,15,1
4936,5371,15,1
4937,5372,15,1
4938,5373.1,15,1
4939,5374,15,1
4940,5375,15,1
4941,5376,15,1
4942,5377,15,1
4943,5378,15,1
4944,5379,15,1
4945,538,15,1
4946,5380,15,1
4947,5381,15,1
4948,5382,15,1
4949,5383,15,1
4950,5384,15,1
4951,5385,15,1
4952,5386,15,1
4953,5387,15,1
4954,5388,15,1
4955,5389,15,1
4956,539,15,1
4957,5390,15,1
4958,5391,15,1
4959,5392,15,1
4960,5393,15,1
4961,5394.1,15,1
4962,5394.2,15,1
4963,5395,15,1
4964,5396,15,1
4965,5398,15,1
4966,5399,15,1
4967,54,15,1
4968,540,15,1
4969,5400,15,1
4970,5401,15,1
4971,5402,15,1
4972,5403,15,1
4973,5405,15,1
4974,5406,15,1
4975,5407,5,4
4976,5408,5,4
4977,5409,5,4
4978,541,5,4
4979,5410,5,4
4980,5411,5,4
4981,5412,5,4
4982,5413,5,4
4983,5414,5,4
4984,5415,5,4
4985,5416,5,4
4986,5417,5,4
4987,5419,5,4
4988,542.1,5,4
4989,542.2,5,4
4990,5420,5,4
4991,5421,5,4
4992,5422,5,4
4993,5423,5,4
4994,5424,5,4
4995,5425,5,4
4996,5426,5,4
4997,5427,5,4
4998,5428,5,4
4999,5429,5,4
5000,543,5,4
5001,5430,5,4
5002,5431.1.1,5,4
5003,5431.1.2,5,4
5004,5431.2,5,4
5005,5431.3,5,4
5006,5432,5,4
5007,5433,5,4
5008,5434.1,5,4
5009,5434.2,5,4
5010,5435,5,4
5011,5436.1,5,4
5012,5436.2,5,4
5013,5437,5,4
5014,5438,5,4
5015,5439,5,4
5016,544,5,4
5017,5440,5,4
5018,5441,5,4
5019,5442,5,4
5020,5443,5,4
5021,5444,5,4
5022,5445,5,4
5023,5446,5,4
5024,5447,5,4
5025,5448,5,4
5026,5449.1,5,4
5027,5449.2,5,4
5028,545,5,4
5029,5450.1,5,4
5030,5450.2,5,4
5031,5450.3,5,4
5032,5451,5,4
5033,5452.1,5,4
5034,5452.2,5,4
5035,5453,5,4
5036,5454,5,4
5037,5455,5,4
5038,5456,5,4
5039,5457,5,4
5040,5458,5,4
5041,5459,5,4
5042,546,5,4
5043,5460,5,4
5044,5461,5,4
5045,5462,5,4
5046,5463.1,5,4
5047,5463.2,5,4
5048,5463.3,5,4
5049,5464,5,4
5050,5465.1,5,4
5051,5465.2,5,4
5052,5466,5,4
5053,5467,5,4
5054,5468,5,4
5055,5469,5,4
5056,547,5,4
5057,5470.1,5,4
5058,5470.2,5,4
5059,5471,5,4
5060,5472,5,4
5061,5473,5,4
5062,5474,5,4
5063,5475,5,4
5064,5476.1,5,4
5065,5476.2,5,4
5066,5477,5,4
5067,5478,5,4
5068,5479,5,4
5069,5480,5,4
5070,5481,5,4
5071,5482,5,4
5072,5483,5,4
5073,5484,5,4
5074,5485,5,4
5075,5486,5,4
5076,5487.1,5,4
5077,5487.2,5,4
5078,5488,5,4
5079,5489,5,4
5080,549,5,4
5081,5490,5,4
5082,5491.1,5,4
5083,5492,5,4
5084,5493,5,4
5085,5494,5,4
5086,5495,5,4
5087,5496,5,4
5088,5497,5,4
5089,5498,5,4
5090,5499,5,4
5091,5500,5,4
5092,551,5,4
5093,552,5,4
5094,553,5,4
5095,554,5,4
5096,555,5,4
5097,556,5,4
5098,557,5,4
5099,558,5,4
5100,559,5,4
5101,56,5,4
5102,560,5,4
5103,561,5,4
5104,562,5,4
5105,563,5,4
5106,564,5,4
5107,565,5,4
5108,567,5,4
5109,569,5,4
5110,570,5,4
5111,571,5,4
5112,572,5,4
5113,573,5,4
5114,574,5,4
5115,575,5,4
5116,576,5,4
5117,577,5,4
5118,578,5,4
5119,579,5,4
5120,58,5,4
5121,580,5,4
5122,581.1.1,5,4
5123,581.1.2,5,4
5124,581.2,5,4
5125,581.3,5,4
5126,582.1,5,4
5127,582.2,5,4
5128,583.1,5,4
5129,583.2,5,4
5130,584,5,4
5131,585,5,4
5132,586,5,4
5133,587,5,4
5134,588,5,4
5135,589,5,4
5136,590,5,4
5137,591,5,4
5138,592,5,4
5139,593,5,4
5140,594,5,4
5141,595.1,5,4
5142,595.2,5,4
5143,596,5,4
5144,597.1,5,4
5145,597.2,5,4
5146,598,5,4
5147,599.1,5,4
5148,599.2,5,4
5149,6,5,4
5150,60,5,4
5151,600,5,4
5152,602,5,4
5153,603,5,4
5154,604,4,3
5155,605.2,4,3
5156,606,4,3
5157,607,4,3
5158,608,4,3
5159,609,4,3
5160,61,4,3
5161,610,4,3
5162,611,4,3
5163,612,4,3
5164,613,4,3
5165,614,4,3
5166,615,4,3
5167,616,4,3
5168,617,4,3
5169,618,4,3
5170,619,4,3
5171,620,4,3
5172,621,4,3
5173,622,4,3
5174,623,4,3
5175,624,4,3
5176,625,4,3
5177,626.1,4,3
5178,626.2,4,3
5179,627,4,3
5180,628,4,3
5181,629,4,3
5182,63,4,3
5183,630,4,3
5184,631,4,3
5185,632,4,3
5186,633,4,3
5187,634,4,3
5188,635.1,4,3
5189,635.2,4,3
5190,636,4,3
5191,637,4,3
5192,638,4,3
5193,639,4,3
5194,640,4,3
5195,641,4,3
5196,642,4,3
5197,643,4,3
5198,644,4,3
5199,645,4,3
5200,646,4,3
5201,648,4,3
5202,650,4,3
5203,6501,4,3
5204,6502,4,3
5205,6503,4,3
5206,651,4,3
5207,652,4,3
5208,653,4,3
5209,654.1,4,3
5210,654.2,4,3
5211,655.1,4,3
5212,655.2,4,3
5213,656,4,3
5214,657,4,3
5215,658,4,3
5216,659,4,3
5217,66,4,3
5218,660.1,4,3
5219,660.2,4,3
5220,661,4,3
5221,662,4,3
5222,663,4,3
5223,664,4,3
5224,665,4,3
5225,666.1,4,3
5226,666.2,4,3
5227,667,4,3
5228,668,4,3
5229,669,4,3
5230,67,4,3
5231,670,4,3
5232,671,4,3
5233,672,4,3
5234,673,4,3
5235,674,4,3
5236,675,4,3
5237,676,4,3
5238,677.1,4,3
5239,677.2,4,3
5240,678,4,3
5241,679,4,3
5242,68,4,3
5243,680,4,3
5244,681,4,3
5245,682,4,3
5246,683,4,3
5247,684,4,3
5248,685,4,3
5249,686,4,3
5250,687,4,3
5251,688,4,3
5252,689,4,3
5253,69.1,4,3
5254,69.2,4,3
5255,690,4,3
5256,692.1,4,3
5257,692.2,4,3
5258,693,4,3
5259,694,4,3
5260,695,4,3
5261,696,4,3
5262,697,4,3
5263,698,4,3
5264,699,4,3
5265,7,4,3
5266,70,4,3
5267,700,4,3
5268,701,4,3
5269,702,4,3
5270,703,4,3
5271,704,4,3
5272,705,4,3
5273,706,4,3
5274,707,4,3
5275,708,4,3
5276,709,4,3
5277,71,4,3
5278,710.1,4,3
5279,710.2,4,3
5280,711,4,3
5281,712,4,3
5282,713,4,3
5283,714,4,3
5284,715,4,3
5285,716,4,3
5286,717,4,3
5287,718,4,3
5288,719,4,3
5289,72,4,3
5290,720,4,3
5291,721,4,3
5292,722,4,3
5293,724,4,3
5294,725.1,4,3
5295,725.2,4,3
5296,726,4,3
5297,727.1,4,3
5298,727.2,4,3
5299,727.3,4,3
5300,728,4,3
5301,729,4,3
5302,73,4,3
5303,730,4,3
5304,731,4,3
5305,732,4,3
5306,733,4,3
5307,735,4,3
5308,736,4,3
5309,737.1,4,3
5310,737.2,4,3
5311,738,4,3
5312,739,4,3
5313,74,4,3
5314,740,4,3
5315,741,4,3
5316,742,4,3
5317,743,4,3
5318,744,4,3
5319,745,4,3
5320,746.1,4,3
5321,746.2,4,3
5322,747,4,3
5323,748,4,3
5324,749,4,3
5325,75,4,3
5326,750,4,3
5327,751.1,4,3
5328,751.2,4,3
5329,752,4,3
5330,753.1.1,4,3
5331,753.1.2,4,3
5332,753.1.3,4,3
5333,753.2,4,3
5334,754,4,3
5335,755,4,3
5336,756,4,3
5337,757,4,3
5338,758,4,3
5339,76,4,3
5340,760.1,4,3
5341,760.2,4,3
5342,761.1,4,3
5343,761.2,4,3
5344,762,4,3
5345,763,4,3
5346,764,4,3
5347,765.1.1,4,3
5348,765.1.2,4,3
5349,765.2,4,3
5350,766,4,3
5351,767,4,3
5352,768,4,3
5353,769,4,3
5354,770,4,3
5355,771,4,3
5356,772,4,3
5357,773.1,4,3
5358,773.2,4,3
5359,774,4,3
5360,775,4,3
5361,776,4,3
5362,777,4,3
5363,778,4,3
5364,779.1,4,3
5365,779.2,4,3
5366,78,4,3
5367,781,4,3
5368,782,4,3
5369,783,4,3
5370,784,4,3
5371,785,17,4
5372,786,17,4
5373,787,17,4
5374,788,17,4
5375,789,17,4
5376,79,17,4
5377,790,17,4
5378,791,17,4
5379,793,17,4
5380,794,17,4
5381,795,17,4
5382,796,17,4
5383,798,17,4
5384,799,17,4
5385,8,17,4
5386,80,17,4
5387,800,17,4
5388,801,17,4
5389,803,17,4
5390,804,17,4
5391,805.1,17,4
5392,805.2,17,4
5393,806,17,4
5394,807,17,4
5395,808,17,4
5396,809,17,4
5397,81,17,4
5398,810,17,4
5399,811,17,4
5400,812,17,4
5401,813,17,4
5402,814,17,4
5403,815,17,4
5404,817,17,4
5405,818,17,4
5406,819,17,4
5407,82,17,4
5408,820.1,17,4
5409,820.2,17,4
5410,821,17,4
5411,822,17,4
5412,823.1,17,4
5413,823.2,17,4
5414,824,17,4
5415,825.1,17,4
5416,825.2,17,4
5417,826,17,4
5418,827,17,4
5419,828,17,4
5420,829,17,4
5421,83,17,4
5422,830,17,4
5423,831,17,4
5424,832,17,4
5425,833,17,4
5426,836,17,4
5427,837,17,4
5428,838,17,4
5429,839.1,17,4
5430,839.2,17,4
5431,84,17,4
5432,840,17,4
5433,841,17,4
5434,842,17,4
5435,843,17,4
5436,844,17,4
5437,845.1,17,4
5438,845.2,17,4
5439,846,17,4
5440,847,17,4
5441,848,17,4
5442,849,17,4
5443,85,17,4
5444,850,17,4
5445,851,17,4
5446,852,17,4
5447,853,17,4
5448,854,17,4
5449,855,17,4
5450,856,17,4
5451,857,17,4
5452,858,17,4
5453,859,17,4
5454,86,17,4
5455,860.1,17,4
5456,860.2,17,4
5457,861,17,4
5458,862,17,4
5459,863,17,4
5460,864,17,4
5461,865,17,4
5462,867,17,4
5463,868,17,4
5464,869,17,4
5465,87,17,4
5466,870,17,4
5467,871,17,4
5468,872,17,4
5469,873,17,4
5470,874,17,4
5471,875,17,4
5472,876,17,4
5473,877,17,4
5474,878,17,4
5475,879,17,4
5476,880,17,4
5477,881,17,4
5478,882.1,17,4
5479,882.2,17,4
5480,882.3,17,4
5481,883,17,4
5482,884,17,4
5483,886,17,4
5484,887,17,4
5485,888,17,4
5486,889,17,4
5487,890,17,4
5488,891,17,4
5489,892,17,4
5490,893,17,4
5491,894,17,4
5492,895,17,4
5493,896.1.1,17,4
5494,896.1.2,17,4
5495,896.2,17,4
5496,897,17,4
5497,898,17,4
5498,899,17,4
5499,9,17,4
5500,90,17,4
5501,900,17,4
5502,901,17,4
5503,902,17,4
5504,903,17,4
5505,904,17,4
5506,906,17,4
5507,907,17,4
5508,909,17,4
5509,91,17,4
5510,910,17,4
5511,911,17,4
5512,912,17,4
5513,913,17,4
5514,914,17,4
5515,915.1,17,4
5516,915.2,17,4
5517,916,17,4
5518,917,17,4
5519,918,17,4
5520,919,17,4
5521,92,17,4
5522,920,17,4
5523,921,17,4
5524,922,17,4
5525,923,17,4
5526,924,17,4
5527,925,17,4
5528,926,17,4
5529,927,17,4
5530,928,17,4
5531,929,17,4
5532,93.1,17,4
5533,93.2,17,4
5534,930,17,4
5535,931,17,4
5536,932,17,4
5537,933,17,4
5538,934,17,4
5539,935,17,4
5540,936,17,4
5541,937,17,4
5542,938,17,4
5543,94,17,4
5544,940,17,4
5545,942,17,4
5546,943,17,4
5547,944,17,4
5548,945,17,4
5549,946,17,4
5550,947,17,4
5551,948,17,4
5552,949.1,17,4
5553,949.2,17,4
5554,95,17,4
5555,950,17,4
5556,951,6,1
5557,952,6,1
5558,953,6,1
5559,954,6,1
5560,955,6,1
5561,956,6,1
5562,957,6,1
5563,958,6,1
5564,959,6,1
5565,96,6,1
5566,960,6,1
5567,961,6,1
5568,962,6,1
5569,963,6,1
5570,964,6,1
5571,965,6,1
5572,966,6,1
5573,967,6,1
5574,968,6,1
5575,969,6,1
5576,97,6,1
5577,970,6,1
5578,971,6,1
5579,973,6,1
5580,974,6,1
5581,975,6,1
5582,976,6,1
5583,977,6,1
5584,978,6,1
5585,979,6,1
5586,980,6,1
5587,981,6,1
5588,983,6,1
5589,984,6,1
5590,985,6,1
5591,986,6,1
5592,987,6,1
5593,988,6,1
5594,989,6,1
5595,99,6,1
5596,990,6,1
5597,991,6,1
5598,992,6,1
5599,993.1,6,1
5600,993.2,6,1
5601,995,6,1
5602,996,12,2
5603,997,12,2
5604,998,12,2
